universidade,sigla,estado
ACADEMIA DA FORÇA AÉREA,AFA,SP
ACADEMIA DA POLÍCIA CIVIL DO ESTADO DA BAHIA,ACADEPOL,BA
ACADEMIA DE POLÍCIA MILITAR DO BARRO BRANCO,APMBB,SP
ACADEMIA DE POLÍCIA MILITAR DOM JOÃO VI,APMDJVI,RJ
ACADEMIA DE POLÍCIA MILITAR,APM,BA
ACADEMIA MILITAR DE AGULHAS NEGRAS,AMAN,RJ
ANHANGUERA EDUCACIONAL S.A.,UNIANHANGUERA,RS
ANHANGUERA EDUCACIONAL,AESA,SP
ASSOCIAÇÃO CATARINENSE DE ENSINO,ACE,SC
ASSOCIAÇÃO DE ENSINO SUPERIOR DO PIAUÍ,AESPI,PI
ASSOCIAÇÃO SUL MINEIRA DE EDUCAÇÃO E CULTURA,ASMEC,MG
ASSOCIAÇÃO VILHENENSE DE EDUCAÇÃO E CULTURA,AVEC,RO
AVM - FACULDADE INTEGRADA,IAVM,RJ
BUSINESS SCHOOL SÃO PAULO,BSP,SP
CATÓLICA NOSSA SENHORA DAS NEVES,Faculdade,RN
CENTRO DE EDUCAÇÃO DA AMAZÔNIA,CEAMA,PA
CENTRO DE EDUCAÇÃO SUPERIOR BARNABITA,CESB,MG
CENTRO DE EDUCAÇÃO TECNOLÓGICO,CET,PI
CENTRO DE ENSINO SUPERIOR ARCANJO MIKAEL DE ARAPIRACA,CESAMA,AL
CENTRO DE ENSINO SUPERIOR CENECISTA DE FARROUPILHA,CESF,RS
CENTRO DE ENSINO SUPERIOR DE ARCOVERDE,CESA,PE
CENTRO DE ENSINO SUPERIOR DE CATALÃO 1,CESUC,GO
CENTRO DE ENSINO SUPERIOR DE CONSELHEIRO LAFAIETE,CES-CL,MG
CENTRO DE ENSINO SUPERIOR DE ITABIRA,CENSI,MG
CENTRO DE ENSINO SUPERIOR DE JUIZ DE FORA,CES/JF,MG
CENTRO DE ENSINO SUPERIOR DE UBERABA,CESUBE,MG
CENTRO DE ENSINO SUPERIOR DE VITÓRIA,CESV,ES
CENTRO DE ENSINO SUPERIOR DO AMAPÁ,CEAP,AP
CENTRO DE ENSINO SUPERIOR DO VALE DO PARNAÍBA,CESVALE,PI
CENTRO DE ENSINO SUPERIOR DO VALE DO SÃO FRANCISCO,CESVASF,PE
CENTRO DE ENSINO SUPERIOR DOS CAMPOS GERAIS,CESCAGE,PR
CENTRO DE ENSINO UNIFICADO DE TERESINA,CEUT,PI
CENTRO DE ESTUDOS SUPERIORES APRENDIZ,CESA,MG
CENTRO DE ESTUDOS SUPERIORES DE MACEIÓ,CESMAC,AL
CENTRO DE INSTRUÇÃO ALMIRANTE BRAZ DE AGUIAR,CIABA,PA
CENTRO DE INSTRUÇÃO ALMIRANTE GRAÇA ARANHA,CIAGA,RJ
CENTRO EDUCACIONAL CONCEIÇÃO NUNES,CECON,MG
CENTRO FEDERAL DE EDUCAÇÃO TECNOLÓGICA CELSO SUCKOW DA FONSECA,CEFET/RJ,RJ
CENTRO FEDERAL DE EDUCAÇÃO TECNOLÓGICA DE MINAS GERAIS,CEFETMG,MG
CENTRO SUPERIOR DE ENSINO E PESQUISA DE MACHADO,CESEP,MG
CENTRO TÉCNICO-EDUCACIONAL SUPERIOR DO OESTE PARANAENSE,CTESOP,PR
CENTRO UNIVERISTÁRIO DA FACULDADE ESTÁCIO DE SÁ DE BELO HORIZONTE,FESBH,MG
CENTRO UNIVERSITÁRIO - CATÓLICA DE SANTA CATARINA EM JARAGUÁ DO SUL,Católica em Jaraguá,SC
CENTRO UNIVERSITÁRIO ADVENTISTA DE SÃO PAULO,UNASP,SP
CENTRO UNIVERSITÁRIO ADVENTISTA DE SÃO PAULO,UNASP,SP
CENTRO UNIVERSITÁRIO AMPARENSE,UNIFIA,SP
CENTRO UNIVERSITÁRIO ANHANGUERA DE NITERÓI,UNIAN,RJ
CENTRO UNIVERSITÁRIO ANHANGUERA DE SÃO PAULO,UNIBERO,SP
CENTRO UNIVERSITÁRIO ANHANGÜERA,UNIFIAN,SP
CENTRO UNIVERSITÁRIO ANTÔNIO EUFRÁSIO DE TOLEDO DE PRESIDENTE PRUDENTE,FIAETPP,SP
CENTRO UNIVERSITÁRIO ASSUNÇÃO,UNIFAI,SP
CENTRO UNIVERSITÁRIO AUGUSTO MOTTA,UNISUAM,RJ
CENTRO UNIVERSITÁRIO BARÃO DE MAUÁ,CBM,SP
CENTRO UNIVERSITÁRIO BELAS ARTES DE SÃO PAULO,FEBASP,SP
CENTRO UNIVERSITÁRIO CAMPOS DE ANDRADE,UNIANDRADE,PR
CENTRO UNIVERSITÁRIO CARIOCA,UNICARIOCA,RJ
CENTRO UNIVERSITÁRIO CATÓLICO SALESIANO AUXILIUM,UNISALESIANO,SP
CENTRO UNIVERSITÁRIO CELSO LISBOA,UCL,RJ
CENTRO UNIVERSITÁRIO CENTRAL PAULISTA,UNICEP,SP
CENTRO UNIVERSITÁRIO CLARETIANO,CEUCLAR,SP
CENTRO UNIVERSITÁRIO CURITIBA,UNICURITIBA,PR
CENTRO UNIVERSITÁRIO CÂNDIDO RONDON,UNIRONDON,MT
CENTRO UNIVERSITÁRIO DA CIDADE DO RIO DE JANEIRO,UNIVERCIDADE,RJ
CENTRO UNIVERSITÁRIO DA FUNDAÇÃO EDUCACIONAL DE BARRETOS,UNIFEB,SP
CENTRO UNIVERSITÁRIO DA FUNDAÇÃO EDUCACIONAL INACIANA PE SABÓIA DE MEDEIROS,FEI,SP
CENTRO UNIVERSITÁRIO DA GRANDE DOURADOS,UNIGRAN,MS
CENTRO UNIVERSITÁRIO DAS FACULDADES ASSOCIADAS DE ENSINO,UNIFAE,SP
CENTRO UNIVERSITÁRIO DAS FACULDADES METROPOLITANAS UNIDAS,FMU,SP
CENTRO UNIVERSITÁRIO DE ANÁPOLIS,UNIEVANGÉLICA,GO
CENTRO UNIVERSITÁRIO DE ARARAQUARA,UNIARA,TO
CENTRO UNIVERSITÁRIO DE ARARAS - DR. EDMUNDO ULSON,UNAR,SP
CENTRO UNIVERSITÁRIO DE BARRA MANSA,UBM,RJ
CENTRO UNIVERSITÁRIO DE BELFORD ROXO,UNIABEU,RJ
CENTRO UNIVERSITÁRIO DE BELO HORIZONTE,UNIBH,MG
CENTRO UNIVERSITÁRIO DE BRASÍLIA,CEUB,DF
CENTRO UNIVERSITÁRIO DE BRUSQUE,UNIFEBE,SC
CENTRO UNIVERSITÁRIO DE CAMPO GRANDE,UNAES,MS
CENTRO UNIVERSITÁRIO DE CARATINGA,UNEC,MG
CENTRO UNIVERSITÁRIO DE DESENVOLVIMENTO DO CENTRO OESTE,UNIDESC,DF
CENTRO UNIVERSITÁRIO DE ENSINO SUPERIOR DO AMAZONAS,Ciesa,AM
CENTRO UNIVERSITÁRIO DE FORMIGA,UNIFORMG,MG
CENTRO UNIVERSITÁRIO DE FRANCA,UniFACEF,SP
CENTRO UNIVERSITÁRIO DE ITAJUBÁ,UNIVERSITAS,MG
CENTRO UNIVERSITÁRIO DE JARAGUÁ DO SUL,UNERJ,SC
CENTRO UNIVERSITÁRIO DE JOÃO PESSOA,UNIPE,PB
CENTRO UNIVERSITÁRIO DE LAVRAS,UNILAVRAS,MG
CENTRO UNIVERSITÁRIO DE MANDAGUARI - UNIMAN,FAFIMAN,PR
CENTRO UNIVERSITÁRIO DE MARINGÁ,CESUMAR,PR
CENTRO UNIVERSITÁRIO DE MINEIROS,UNIFIMES,GO
CENTRO UNIVERSITÁRIO DE PATOS DE MINAS,UNIPAM,MG
CENTRO UNIVERSITÁRIO DE RIO PRETO,UNIRP,SP
CENTRO UNIVERSITÁRIO DE SETE LAGOAS MONSENHOR MESSIAS,UNIFEMM,MG
CENTRO UNIVERSITÁRIO DE UNIÃO DA VITÓRIA,UNIUV,PR
CENTRO UNIVERSITÁRIO DE VOLTA REDONDA,UNIFOA,RJ
CENTRO UNIVERSITÁRIO DE VOTUPORANGA,UNIFEV,SP
CENTRO UNIVERSITÁRIO DE VÁRZEA GRANDE,UNIVAG,MT
CENTRO UNIVERSITÁRIO DINÂMICA DAS CATARATAS,UDC,PR
CENTRO UNIVERSITÁRIO DO CERRADO  PATROCÍNIO,UNICERP,MG
CENTRO UNIVERSITÁRIO DO DISTRITO FEDERAL,UDF,DF
CENTRO UNIVERSITÁRIO DO ESPÍRITO SANTO,UNESC,ES
CENTRO UNIVERSITÁRIO DO INSTITUTO MAUÁ DE TECNOLOGIA,CEUN-IMT,SP
CENTRO UNIVERSITÁRIO DO LESTE DE MINAS GERAIS,UNILESTE/MG,MG
CENTRO UNIVERSITÁRIO DO MARANHÃO,UNICEUMA,MA
CENTRO UNIVERSITÁRIO DO NORTE PAULISTA,UNORP,SP
CENTRO UNIVERSITÁRIO DO NORTE,Uninorte,AM
CENTRO UNIVERSITÁRIO DO PARÁ,CESUPA,PA
CENTRO UNIVERSITÁRIO DO PLANALTO DE ARAXÁ,UNIARAXÁ,MG
CENTRO UNIVERSITÁRIO DO TRIÂNGULO,UNITRI,MG
CENTRO UNIVERSITÁRIO DO VALE DO IPOJUCA,UNIVIP,PE
CENTRO UNIVERSITÁRIO ESTÁCIO DA BAHIA,ESTÁCIO FIB,BA
CENTRO UNIVERSITÁRIO ESTÁCIO DE SÁ DE SANTA CATARINA,FESSC,SC
CENTRO UNIVERSITÁRIO ESTÁCIO RADIAL DE SÃO PAULO - ESTÁCIO UNIRADIAL,ESTÁCIO UNIRADIAL,SP
CENTRO UNIVERSITÁRIO EURO-AMERICANO,UNIEURO,DF
CENTRO UNIVERSITÁRIO EURÍPEDES DE MARÍLIA,UNIVEM,SP
CENTRO UNIVERSITÁRIO FILADÉLFIA,UNIFIL,PR
CENTRO UNIVERSITÁRIO FLUMINENSE,UNIFLU,RJ
CENTRO UNIVERSITÁRIO FRANCISCANO,UNIFRA,RS
CENTRO UNIVERSITÁRIO FUNDAÇÃO DE ENSINO OCTÁVIO BASTOS - FEOB,UNIFEOB,SP
CENTRO UNIVERSITÁRIO FUNDAÇÃO INSTITUTO DE ENSINO PARA OSASCO,UNIFIEO,SP
CENTRO UNIVERSITÁRIO FUNDAÇÃO SANTO ANDRÉ,CUFSA,SP
CENTRO UNIVERSITÁRIO GERALDO DI BIASE,UGB,RJ
CENTRO UNIVERSITÁRIO HERMINIO OMETTO,UNIARARAS,SP
CENTRO UNIVERSITÁRIO HERMÍNIO DA SILVEIRA,UNI IBMR,RJ
CENTRO UNIVERSITÁRIO INTERNACIONAL,UNINTER,PR
CENTRO UNIVERSITÁRIO JORGE AMADO,UNIJORGE,BA
CENTRO UNIVERSITÁRIO LA SALLE,UNILASALLE,RS
CENTRO UNIVERSITÁRIO LEONARDO DA VINCI,UNIASSELVI,SC
CENTRO UNIVERSITÁRIO LUTERANO DE JIPARANÁ,CEULJI/ULBRA,RO
CENTRO UNIVERSITÁRIO LUTERANO DE PALMAS,CEULP/ULBRA,TO
CENTRO UNIVERSITÁRIO LUTERANO DE SANTARÉM,CEULS,PA
CENTRO UNIVERSITÁRIO MAURICIO DE NASSAU,UNINASSAU,PE
CENTRO UNIVERSITÁRIO METODISTA IZABELA HENDRIX,CEUNIH,MG
CENTRO UNIVERSITÁRIO METODISTA,IPA,RS
CENTRO UNIVERSITÁRIO METROPOLITANO DE SÃO PAULO,UNIMESP,SP
CENTRO UNIVERSITÁRIO MOACYR SREDER BASTOS,UNIMSB,RJ
CENTRO UNIVERSITÁRIO MONTE SERRAT,UNIMONTE,SP
CENTRO UNIVERSITÁRIO MOURA LACERDA,CUML,SP
CENTRO UNIVERSITÁRIO NEWTON PAIVA,NEWTON PAIVA,MG
CENTRO UNIVERSITÁRIO NILTON LINS,UNINILTONLINS,AM
CENTRO UNIVERSITÁRIO NOSSA SENHORA DO PATROCÍNIO,CEUNSP,SP
CENTRO UNIVERSITÁRIO PADRE ANCHIETA,UNIANCHIETA,SP
CENTRO UNIVERSITÁRIO PARA O DESENVOLVIMENTO DO ALTO VALE DO ITAJAÍ,UNIDAVI,SC
CENTRO UNIVERSITÁRIO PLANALTO DO DISTRITO FEDERAL,UNIPLAN,DF
CENTRO UNIVERSITÁRIO RITTER DOS REIS,UNIRITTER,RS
CENTRO UNIVERSITÁRIO SALESIANO DE SÃO PAULO,UNISAL,SP
CENTRO UNIVERSITÁRIO SANT'ANNA,UNISANT'ANNA,SP
CENTRO UNIVERSITÁRIO SERRA DOS ÓRGÃOS,UNIFESO,RJ
CENTRO UNIVERSITÁRIO SÃO CAMILO,CUSC,ES
CENTRO UNIVERSITÁRIO SÃO CAMILO,CUSC,SP
CENTRO UNIVERSITÁRIO TIRADENTES,FITS,AL
CENTRO UNIVERSITÁRIO UNA,UNA,MG
CENTRO UNIVERSITÁRIO UNIRG,UnirG,TO
CENTRO UNIVERSITÁRIO UNIVATES,UNIVATES,RS
CENTRO UNIVERSITÁRIO ÍTALO-BRASILEIRO,UNIÍTALO,SP
CHRISTUS FACULDADE DO PIAUÍ,CHRISFAPI,PI
CLARETIANO REDE DE EDUCAÇÃO,CLARETIANO,RO
CONSERVATÓRIO BRASILEIRO DE MÚSICA - CENTRO UNIVERSITÁRIO,CBM/CEU,RJ
ESCOLA BAHIANA DE MEDICINA E SAÚDE PÚBLICA,EBMSP ,BA
ESCOLA BRASILEIRA DE ADMINISTRAÇÃO PÚBLICA E DE EMPRESAS,EBAPE,RJ
ESCOLA BRASILEIRA DE ECONOMIA E FINANÇAS,EBEF,RJ
ESCOLA DA CIDADE - FACULDADE DE ARQUITETURA E URBANISMO,ESCOLA DA CIDADE,SP
ESCOLA DE ADMINISTRAÇÃO DE EMPRESAS DE SÃO PAULO,FGV-EAESP,SP
ESCOLA DE ADMINISTRAÇÃO DO EXÉRCITO,ESAEX ,BA
ESCOLA DE DIREITO DE SÃO PAULO,DIREITO GV,SP
ESCOLA DE DIREITO DO RIO DE JANEIRO,DIREITO RIO,RJ
ESCOLA DE ECONOMIA DE SÃO PAULO,EESP,SP
ESCOLA DE EDUCAÇÃO FÍSICA DE ASSIS,EEFA,SP
ESCOLA DE ENFERMAGEM WENCESLAU BRAZ,EEWB,MG
ESCOLA DE ENGENHARIA DE PIRACICABA,EEP/FUMEP,SP
ESCOLA DE ENGENHARIA ELETROMECÂNICA DA BAHIA,ESEEMB,BA
ESCOLA DE ENGENHARIA KENNEDY,EEK,MG
ESCOLA DE ENSINO SUPERIOR ANÍSIO TEIXEIRA,CESAT,ES
ESCOLA DE ESCTUDOS SUPERIORES DE VIÇOSA,ESUV,MG
ESCOLA DE GOVERNO PROFESSOR PAULO NEVES DE CARVALHO,EG,MG
ESCOLA DE MÚSICA E BELAS ARTES DO PARANÁ,EMBAP,PR
ESCOLA NACIONAL DE CIÊNCIAS ESTATÍSTICAS,ENCE,RJ
ESCOLA NAVAL,EN,RJ
ESCOLA PERNAMBUCANA DE SAÚDE,FBVIMIP,PE
ESCOLA POLITÉCNICA DE PERNAMBUCO,POLI,PE
ESCOLA POLITÉCNICA DE SAO PAULO,POLI-USP,SP
ESCOLA POLITÉCNICA DE SAO PAULO,EP-USP,SP
ESCOLA SUPERIOR ASSOCIADA DE GOIÂNIA,ESUP,GO
ESCOLA SUPERIOR BATISTA DO AMAZONAS,Esbam,AM
ESCOLA SUPERIOR DA AMAZÔNIA,ESAMAZ,PA
ESCOLA SUPERIOR DE ADMINISTRAÇÃO E GESTÃO,ESAGS,SP
ESCOLA SUPERIOR DE CIÊNCIAS DA SANTA CASA DE MISERICÓRDIA DE VITÓRIA,EMESCAM,ES
ESCOLA SUPERIOR DE CIÊNCIAS DA SAÚDE,ESCS,DF
ESCOLA SUPERIOR DE CRICIÚMA - ESUCRI,ESUCRI,SC
ESCOLA SUPERIOR DE CRUZEIRO PREFEITO HAMILTON VIEIRA MENDES,ESEFIC,SP
ESCOLA SUPERIOR DE EDUCAÇÃO FÍSICA DE JUNDIAÍ,ESEFJ,SP
ESCOLA SUPERIOR DE EDUCAÇÃO FÍSICA,ESEF,PE
ESCOLA SUPERIOR DE ENGENHARIA E GESTÃO DE SÃO PAULO - ESEG,ESEG,SP
ESCOLA SUPERIOR DE ENSINO HELENA ANTIPOFF,ESEHA,RJ
ESCOLA SUPERIOR DE ESTUDOS EMPRESARIAIS E INFORMÁTICA,ESEEI,PR
ESCOLA SUPERIOR DE GESTÃO COMERCIAL E MARKETING,ESIC,PR
ESCOLA SUPERIOR DE HOTELARIA CASTELLI,CASTELLI,RS
ESCOLA SUPERIOR DE MARKETING,ESM,PE
ESCOLA SUPERIOR DE MÚSICA E ARTES DO RIO GRANDE DO SUL,ESMARGS,RS
ESCOLA SUPERIOR DE PROPAGANDA E MARKETING,ESPM,SP
ESCOLA SUPERIOR DE RELAÇÕES PÚBLICAS,Esurp,PE
ESCOLA SUPERIOR DE SAÚDE DE ARCOVERDE,ESSA,PE
ESCOLA SUPERIOR DE SECRETARIADO DE PERNAMBUCO,ESUSPE,PE
ESCOLA SUPERIOR DE TECNOLOGIA E EDUCAÇÃO DE PORTO FERREIRA,ESPF,SP
ESCOLA SUPERIOR DE TECNOLOGIA E EDUCAÇÃO DE RIO CLARO,ESRC,SP
ESCOLA SUPERIOR DOM HELDER CÂMARA,ESDHC,MG
ESCOLA SUPERIOR EM MEIO AMBIENTE,ESMA,MG
ESCOLA SUPERIOR MADRE CELESTE,ESMAC,PA
ESCOLA SUPERIOR NACIONAL DE SEGUROS,ESNS,RJ
ESCOLA SUPERIOR SÃO FRANCISCO DE ASSIS,ESFA,ES
ESCOLA TÉCNICA E SUPERIOR MACHADO DE ASSIS  SANTA ROSA,FEMA,RS
ESTÁCIO DE SÁ  FACULDADE DO PARÁ,ESTÁCIO FAP,PA
ESTÁCIO FATERN - FACULDADE ESTÁCIO DO RIO GRANDE DO NORTE,ESTÁCIO FATERN,RN
FACISA-UNAI FACULDADE DE CIÊNCIAS DA SAÚDE DE UNAÍ,FACISA-UNAI,MG
FACULDADE 7 DE SETEMBRO,Fa7,CE
FACULDADE ADELMAR ROSADO,FAR,PI
FACULDADE ADVENTISTA DA BAHIA,FADBA ,BA
FACULDADE ADVENTISTA DE HORTOLÂNDIA,FAH,SP
FACULDADE ADVENTISTA PARANAENSE,IAP,PR
FACULDADE AFIRMATIVO,FAFI,MT
FACULDADE AIEC,AIEC / FAAB,DF
FACULDADE ALAGOANA DE ADMINISTRAÇÃO,FAA,AL
FACULDADE ALBERT EINSTEIN,FALBE,DF
FACULDADE ALDETE MARIA ALVES,FAMA,MG
FACULDADE ALFA BRASIL,FAAB,PR
FACULDADE ALFACASTELO,FCGB,SP
FACULDADE ALFREDO NASSER,FAN,GO
FACULDADE ALIANÇA,ALIANÇA,PI
FACULDADE ALMEIDA RODRIGUES,FAR,GO
FACULDADE ALVES FARIA,ALFA,GO
FACULDADE ALVORADA DE EDUCAÇÃO FÍSICA E DESPORTO,FAEFD,DF
FACULDADE ALVORADA DE TECNOLOGIA E EDUCAÇÃO DE MARINGÁ,FACULDADE ALVORADA,PR
FACULDADE AMADEUS,FAMA,SE
FACULDADE AMEC TRABUCO,AMAEC ,BA
FACULDADE ANCHIETA DE ENSINO SUPERIOR DO PARANÁ,FAESP,PR
FACULDADE ANCHIETA DO RECIFE,FAR,PE
FACULDADE ANCHIETA,IGABC,SP
FACULDADE ANGLICANA DE ERECHIM,FAE,RS
FACULDADE ANGLO-AMERICANO DE JOÃO PESSOA,FAAJP,PB
FACULDADE ANGLO-AMERICANO,FAA,PR
FACULDADE ANGLOAMERICANO DE CAXIAS DO SUL,FAACS,RS
FACULDADE ANHANGUERA DE ANÁPOLIS,FAA,GO
FACULDADE ANHANGUERA DE BRASÍLIA,FAB,DF
FACULDADE ANHANGUERA DE CASCAVEL,FACIAP,PR
FACULDADE ANHANGUERA DE CAXIAS DO SUL,FACS,RS
FACULDADE ANHANGUERA DE CIÊNCIAS E TECNOLOGIA DE BRASÍLIA,FACITEB,DF
FACULDADE ANHANGUERA DE CUIABÁ,FAC,MT
FACULDADE ANHANGUERA DE EDUCAÇÃO CIÊNCIAS E TECNOLOGIA DE SOROCABA,FAECTS,SP
FACULDADE ANHANGUERA DE GUARULHOS,FIT,SP
FACULDADE ANHANGUERA DE NEGÓCIOS E TECNOLOGIAS DA INFORMAÇÃO,FACNET,DF
FACULDADE ANHANGUERA DE OSASCO,FIZO,SP
FACULDADE ANHANGUERA DE SERTÃOZINHO,FASERT,SP
FACULDADE ANHANGUERA DE SUMARÉ,FACSUMARÉ,SP
FACULDADE ANHANGUERA DE SÃO BERNARDO,FASBC,SP
FACULDADE ANHANGUERA DE SÃO CAETANO,Fasc,SP
FACULDADE ANHANGUERA DE TABOÃO DA SERRA,FATS,SP
FACULDADE ANHANGUERA DE TAGUATINGA,FAST,DF
FACULDADE ANHANGUERA DE TECNOLOGIA DE JUNDUAÍ,FATJ,SP
FACULDADE ANHANGUERA DE VALPARAÍSO,FAV,GO
FACULDADE ANHANGUERA JARAGUÁ DO SUL,FATEJA,SC
FACULDADE ANHANGÜERA DE DOURADOS,FAD,MS
FACULDADE ANHANGÜERA DE SOROCABA,FSO,SP
FACULDADE ANTONIO MENEGHETTI,FAM,RS
FACULDADE ANÍSIO TEIXEIRA DE FEIRA DE SANTANA,FAT,BA
FACULDADE APOGEU,APOGEU,DF
FACULDADE ARAGUAIA,FARA,GO
FACULDADE ARNALDO HORÁCIO FERREIRA,FAAHF,BA
FACULDADE ARQUIDIOCESANA DE CURVELO,FAC,MG
FACULDADE ARTHUR SÁ EARP NETO,FASE,RJ
FACULDADE ARTHUR THOMAS,CESA,PR
FACULDADE ASA DE BRUMADINHO,IECEMB - FAB,MG
FACULDADE ASCES,ASCES,PE
FACULDADE ASSIS GURGACZ,FAG,PR
FACULDADE ASSOCIADA BRASIL,FAB,SP
FACULDADE ASTORGA,FAAST,PR
FACULDADE ATENAS MARANHENSE,FAMA,MA
FACULDADE ATENEU,FATE,DF
FACULDADE ATLÂNTICO,ATLANTICO,SE
FACULDADE ATUAL,FAAT,AP
FACULDADE AUTÔNOMA DE DIREITO,FADISP,SP
FACULDADE AVANTIS,AVANTIS,SC
FACULDADE AVEC DE VILHENA,AVEC,RO
FACULDADE AÇÃO,FCTVALE,SC
FACULDADE BAIANA DE CIÊNCIAS CONTÁBEIS,FABAC ,BA
FACULDADE BAIANA DE DIREITO,FBD,BA
FACULDADE BARDDAL DE ARTES APLICADAS,FB-AA,SC
FACULDADE BARDDAL,FB-SI,SC
FACULDADE BARRETOS,FB,SP
FACULDADE BARÃO DO RIO BRANCO,FAB,AC
FACULDADE BATISTA BRASILEIRA,FBB,BA
FACULDADE BATISTA BRASILEIRA,FBB,BA
FACULDADE BATISTA DE MINAS GERAIS,FBMG,MG
FACULDADE BATISTA DE VITORIA,FABAVI,ES
FACULDADE BATISTA DO RIO DE JANEIRO,FABAT,RJ
FACULDADE BERTIOGA,FABE,SP
FACULDADE BETIM,FABE,MG
FACULDADE BEZERRA DE ARAÚJO,FABA,RJ
FACULDADE BIRIGUI,FABI,SP
FACULDADE BOA VIAGEM,FBV,PE
FACULDADE BOAS NOVAS DE CIÊNCIAS TEOLÓGICAS SOCIAIS E BIOTECNOLÓGICAS,FBNCTSB,AM
FACULDADE BORGES DE MENDONÇA,FBM,SC
FACULDADE BRASIL CENTRAL,FBC,GO
FACULDADE BRASIL NORTE,FABRAN,AP
FACULDADE BRASILEIRA DE EDUCAÇÃO E CULTURA,FABEC BRASIL,GO
FACULDADE BRASILEIRA,MULTIVIX VITÓRIA,ES
FACULDADE BRASILEIRA,UNIVIX,ES
FACULDADE BRASÍLIA DE SÃO PAULO,FABRASP,SP
FACULDADE BÉTHENCOURT DA SILVA,FABES,RJ
FACULDADE CALAFIORI,CALAFIORI,MG
FACULDADE CAMAQÜENSE DE CIÊNCIAS CONTÁBEIS E ADMINISTRATIVAS,FACCCA,RS
FACULDADE CAMBURY,CAMBURY,GO
FACULDADE CAMPO GRANDE,FCG,MS
FACULDADE CAMPO REAL,CAMPO REAL,PR
FACULDADE CAMPOS ELÍSEOS,FCE,SP
FACULDADE CANDIDO MENDES DE VITÓRIA,FCMV,ES
FACULDADE CAPIVARI,FUCAP,SC
FACULDADE CAPIXABA DA SERRA,MULTIVIX SERRA,ES
FACULDADE CAPIXABA DE NOVA VENÉCIA,MULTIVIX NOVA VENÉCI,ES
FACULDADE CARLOS DRUMMOND DE ANDRADE,FCDA,SP
FACULDADE CASA BRANCA,FACAB,SP
FACULDADE CASA DO ESTUDANTE,FACE,ES
FACULDADE CASTELO BRANCO,FCB,ES
FACULDADE CASTRO ALVES,FCA,BA
FACULDADE CATUAÍ,ICES,PR
FACULDADE CATÓLICA DE ANÁPOLIS,Fac,GO
FACULDADE CATÓLICA DE CIÊNCIAS ECONÔMICAS DA BAHIA,FACCEBA,BA
FACULDADE CATÓLICA DE FORTALEZA,FCF,CE
FACULDADE CATÓLICA DE POUSO ALEGRE,FACAPA,MG
FACULDADE CATÓLICA DE RONDONIA,FCR,RO
FACULDADE CATÓLICA DE UBERLÂNDIA,FCU,MG
FACULDADE CATÓLICA DO CEARÁ,FCC,CE
FACULDADE CATÓLICA DO TOCANTINS,FACTO,TO
FACULDADE CATÓLICA DOM ORIONE,FACDO,TO
FACULDADE CATÓLICA RAINHA DA PAZ DE ARAPUTANGA,FCARP,MT
FACULDADE CATÓLICA RAINHA DO SERTÃO,FCRS,CE
FACULDADE CATÓLICA SANTA TERESINHA,FCST,RN
FACULDADE CCAA,FAC CCAA,RJ
FACULDADE CECAP DO LAGO NORTE,CECAP,DF
FACULDADE CENECISTA DE BENTO GONÇALVES,FACEBG,RS
FACULDADE CENECISTA DE CAMPO LARGO,FACECLA,PR
FACULDADE CENECISTA DE ITABORAÍ,FACNEC,RJ
FACULDADE CENECISTA DE JOINVILLE - FACE,FCJ,SC
FACULDADE CENECISTA DE NOVA PETRÓPOLIS,FACENP,RS
FACULDADE CENECISTA DE OSÓRIO,FACOS,RS
FACULDADE CENECISTA DE RIO DAS OSTRAS,FCRO,RJ
FACULDADE CENECISTA DE RONDONÓPOLIS,FACER,MT
FACULDADE CENECISTA DE SETE LAGOAS,FCSL,MG
FACULDADE CENECISTA DE SINOP,FACENOP,MT
FACULDADE CENECISTA DE VARGINHA,FACECA,MG
FACULDADE CENECISTA DE VILA VELHA,FACEVV,ES
FACULDADE CENECISTA ILHA DO GOVERNADOR,FACIG,RJ
FACULDADE CENECISTA NOSSA SENHORA DOS ANJOS,FACENSA,RS
FACULDADE CENTRAL DE CRISTALINA,FACEC,GO
FACULDADE CENTRO OESTE,FACEOPAR,PR
FACULDADE CENTRO PAULISTA,CESI,SP
FACULDADE CESMAC DO SERTÃO,CESMAC Sertão,AL
FACULDADE CHRISTUS,UNICHRISTUS,CE
FACULDADE CIDADE DE COROMANDEL,FCC,MG
FACULDADE CIDADE DE JOÃO PINHEIRO,FCJP,MG
FACULDADE CIDADE DE PATOS DE MINAS,FPM,MG
FACULDADE CIDADE DO SALVADOR,FCS,BA
FACULDADE CIDADE LUZ,FACILUZ,SP
FACULDADE CIDADE VERDE,FCV,PR
FACULDADE CIÊNCIAS DA VIDA,FCV,MG
FACULDADE CONCÓRDIA,FACC,SC
FACULDADE CORPORATIVA CESPI,FACESPI,SP
FACULDADE COTEMIG,COTEMIG,MG
FACULDADE CRISTO REI,FACCREI,PR
FACULDADE CRUZ AZUL,FACRAZ,SP
FACULDADE CUIABÁ,FAUC,MT
FACULDADE CÁSPER LÍBERO,FCL,SP
FACULDADE CÂMARA CASCUDO,FCC,RN
FACULDADE CÂNDIDO RONDON - FCR,FCR,MT
FACULDADE DA ALDEIA DE CARAPICUÍBA,FALC,SP
FACULDADE DA ALTA PAULISTA,FAP,SP
FACULDADE DA AMAZÔNIA OCIDENTAL,FAAO,AC
FACULDADE DA AMAZÔNIA,FAMA,RO
FACULDADE DA CIDADE DE MACEIÓ,FACIMA,AL
FACULDADE DA CIDADE DE SANTA LUZIA,FACSAL,MG
FACULDADE DA ESCADA,FAESC,PE
FACULDADE DA REGIÃO DOS LAGOS,FERLAGOS,RJ
FACULDADE DA REGIÃO SERRANA,FARESE,ES
FACULDADE DA SAÚDE E ECOLOGIA HUMANA,FASEH,MG
FACULDADE DA SERRA GAÚCHA,FSG,RS
FACULDADE DA SERRA,FASE,ES
FACULDADE DA SEUNE,SEUNE,AL
FACULDADE DAMAS DA INSTRUÇÃO CRISTÃ,FADIC,PE
FACULDADE DAMÁSIO,FD,SP
FACULDADE DARCY RIBEIRO,FADR,CE
FACULDADE DAS AMÉRICAS,FAM,SP
FACULDADE DAS ATIVIDADES EMPRESARIAIS DE TERESINA,FAETE,PI
FACULDADE DAS ÁGUAS EMENDADAS - FAE,FAE,DF
FACULDADE DE ADMINISTRAÇÃO CIÊNCIAS ECON E CONTÁBEIS DE GUARATINGUETÁ,FACEAG,SP
FACULDADE DE ADMINISTRAÇÃO CIÊNCIAS EDUCAÇÃO E LETRAS,FACEL,PR
FACULDADE DE ADMINISTRAÇÃO DA ASSOCIAÇÃO BRASILIENSE DE EDUCAÇÃO,FABE,RS
FACULDADE DE ADMINISTRAÇÃO DA FESPSP,FADFESPSP,SP
FACULDADE DE ADMINISTRAÇÃO DA FUNDAÇÃO ARMANDO ALVARES PENTEADO,FAE-FAAP,SP
FACULDADE DE ADMINISTRAÇÃO DE CAMPO BELO,FACAMP,MG
FACULDADE DE ADMINISTRAÇÃO DE CATAGUASES,UNIPACAT,MG
FACULDADE DE ADMINISTRAÇÃO DE CHAPADÃO DO SUL,FACHASUL,MS
FACULDADE DE ADMINISTRAÇÃO DE GOVERNADOR VALADARES,FAGV,MG
FACULDADE DE ADMINISTRAÇÃO DE ITABIRITO,FAI,MG
FACULDADE DE ADMINISTRAÇÃO DE NOVA ANDRADINA - FANOVA,FANOVA,MS
FACULDADE DE ADMINISTRAÇÃO DE PASSOS,FAP,MG
FACULDADE DE ADMINISTRAÇÃO DE SANTA CRUZ DO RIO PARDO,FASC,SP
FACULDADE DE ADMINISTRAÇÃO DE SÃO JOSÉ DO RIO PRETO,FACMIL,SP
FACULDADE DE ADMINISTRAÇÃO DE TERESINA,FAT,PI
FACULDADE DE ADMINISTRAÇÃO E ARTES DE LIMEIRA,FAAL,SP
FACULDADE DE ADMINISTRAÇÃO E CIÊNCIAS CONTÁBEIS DE SÃO ROQUE,FACCSR,SP
FACULDADE DE ADMINISTRAÇÃO E INFORMÁTICA PAULISTA,FIAP,SP
FACULDADE DE ADMINISTRAÇÃO E NEGÓCIOS DE SERGIPE,FANESE,SE
FACULDADE DE AGRONEGÓCIO PARAÍSO DO NORTE,FAPAN,PR
FACULDADE DE AGRONOMIA E ENGENHARIA FLORESTAL DE GARÇA,FAEF,SP
FACULDADE DE AGUDOS,FAAG,SP
FACULDADE DE ALMENARA,ALFA,MG
FACULDADE DE ALTA FLORESTA,FAF,MT
FACULDADE DE AMAMBAI,FIAMA,MS
FACULDADE DE AMERICANA,FAM,SP
FACULDADE DE AMPÉRE,FAMPER,PR
FACULDADE DE APUCARANA,FAP,PR
FACULDADE DE ARACAJU,FACAR,SE
FACULDADE DE ARACRUZ,FAACZ,ES
FACULDADE DE ARARAQUARA,FARA,SP
FACULDADE DE ARQUITETURA E URBANISMO DE PERNAMBUCO,FAUPE,PE
FACULDADE DE ARTES CIÊNCIAS E TECNOLOGIAS,FACET ,BA
FACULDADE DE ARTES DO PARANÁ,FAP,PR
FACULDADE DE ARUJÁ,FAR,SP
FACULDADE DE AURIFLAMA,FAU,SP
FACULDADE DE BALSAS,UNIBALSAS,MA
FACULDADE DE BELFORD ROXO,FABEL,RJ
FACULDADE DE BELÉM,FABEL,PA
FACULDADE DE CAFELÂNDIA,FAC,PR
FACULDADE DE CALDAS NOVAS,UNICALDAS,GO
FACULDADE DE CAMPINA GRANDE DO SUL,FACSUL,PR
FACULDADE DE CAMPO LIMPO PAULISTA,FACCAMP,SP
FACULDADE DE CARIACICA,FAC DE CARIACICA,ES
FACULDADE DE CASTANHAL,FCAT,PA
FACULDADE DE CASTELO,FACASTELO,ES
FACULDADE DE CERES,FACERES,GO
FACULDADE DE CIENCIAS HUMANAS E SOCIAIS DE SERRA TALHADA,FACHUSST,PE
FACULDADE DE CIÊNCIA E EDUCAÇÃO DO CAPARAÓ,FACEC,ES
FACULDADE DE CIÊNCIA E TECNOLOGIA DE CARUARU,FACITEC,PE
FACULDADE DE CIÊNCIA E TECNOLOGIA DO PLANALTO CENTRAL,FACIPLAC,DF
FACULDADE DE CIÊNCIA E TECNOLOGIA,ÁREA1,TO
FACULDADE DE CIÊNCIAS AGRÁRIAS DE ANDRADINA,FCAA,SP
FACULDADE DE CIÊNCIAS AGRÁRIAS DE ARARIPINA,FACIAGRA,PE
FACULDADE DE CIÊNCIAS AGRÁRIAS E DA SAÚDE,FAS,BA
FACULDADE DE CIÊNCIAS AGRÁRIAS E EXATAS DE PRIMAVERA DO LESTE,FCAE,MT
FACULDADE DE CIÊNCIAS APLICADAS DOUTOR LEÃO SAMPAIO,Fals,CE
FACULDADE DE CIÊNCIAS APLICADAS E SOCIAIS DE PETROLINA,FACAPE,PE
FACULDADE DE CIÊNCIAS BIOMÉDICAS DE CACOAL,FACIMED,RO
FACULDADE DE CIÊNCIAS BIOMÉDICAS DO ESPÍRITO SANTO,PIO XII - BIO,ES
FACULDADE DE CIÊNCIAS CONTABEIS DE DIVINÓPOLIS,FACED,MG
FACULDADE DE CIÊNCIAS CONTÁBEIS DE ITAPETININGA,FCCI,SP
FACULDADE DE CIÊNCIAS CONTÁBEIS DE NOVA ANDRADINA - FACINAN,FACINAN,MS
FACULDADE DE CIÊNCIAS CONTÁBEIS DE RECIFE,FACCOR,PE
FACULDADE DE CIÊNCIAS CONTÁBEIS E ADMINISTRATIVAS DE CACHOEIRO DO ITAPEMIRIM,FACCACI,ES
FACULDADE DE CIÊNCIAS CONTÁBEIS E DE ADMINISTRAÇÃO DO VALE DO JURUENA,AJES,MT
FACULDADE DE CIÊNCIAS CONTÁBEIS LUIZ MENDES,LUMEN FACULDADES,PB
FACULDADE DE CIÊNCIAS CULTURA E EXTENSÃO DO RN,Facex,RN
FACULDADE DE CIÊNCIAS DA ADMINISTRAÇÃO DE GARANHUNS,FAGA,PE
FACULDADE DE CIÊNCIAS DA ADMINISTRAÇÃO DE PERNAMBUCO,FCAP,PE
FACULDADE DE CIÊNCIAS DA ADMINISTRAÇÃO DO LIMOEIRO,FACAL,PE
FACULDADE DE CIÊNCIAS DA BAHIA,FACIBA,BA
FACULDADE DE CIÊNCIAS DA SAÚDE ARCHIMEDES THEODORO,FAC - SAUDE ARTHE,MG
FACULDADE DE CIÊNCIAS DA SAÚDE DE BARRETOS DR. PAULO PRATA,FCSB,SP
FACULDADE DE CIÊNCIAS DA SAÚDE DE CAMPOS GERAIS,FACICA,MG
FACULDADE DE CIÊNCIAS DE GUARULHOS,FACIG,SP
FACULDADE DE CIÊNCIAS DE RUBIATABA,FACER,GO
FACULDADE DE CIÊNCIAS DE TIMBAÚBA,FACET,PE
FACULDADE DE CIÊNCIAS DE WENCESLAU BRAZ,FACIBRA,PR
FACULDADE DE CIÊNCIAS DO TOCANTINS,FACIT,TO
FACULDADE DE CIÊNCIAS E CULTURA DA BAHIA,FCCB,BA
FACULDADE DE CIÊNCIAS E CULTURA DE CAJAZEIRAS,FCCC,BA
FACULDADE DE CIÊNCIAS E EDUCAÇÃO SENA AIRES,FACESA,GO
FACULDADE DE CIÊNCIAS E LETRAS DE BRAGANÇA PAULISTA,FESB,SP
FACULDADE DE CIÊNCIAS E SAÚDE DE SERRA TALHADA,FACISST,PE
FACULDADE DE CIÊNCIAS E TECNOLOGIA DE BIRIGUI,FATEB,SP
FACULDADE DE CIÊNCIAS E TECNOLOGIA DE UNAÍ,FACTU,MG
FACULDADE DE CIÊNCIAS E TECNOLOGIA DO MARANHÃO,FACEMA,MA
FACULDADE DE CIÊNCIAS ECONÔMICAS ADMINISTRATIVAS E CONTÁBEIS DE DIVINÓPOLIS,FACED,MG
FACULDADE DE CIÊNCIAS ECONÔMICAS ADMINISTRATIVAS E DA COMPUTAÇÃO DOM BOSCO,FCEACDB,RJ
FACULDADE DE CIÊNCIAS ECONÔMICAS DA REGIÃO CARBONÍFERA,FACIERC,SC
FACULDADE DE CIÊNCIAS ECONÔMICAS DO TRIÂNGULO MINEIRO,FCETM,MG
FACULDADE DE CIÊNCIAS ECONÔMICAS E ADMINISTRATIVAS SANTA RITA DE CÁSSIA,FACEAS,SP
FACULDADE DE CIÊNCIAS ECONÔMICAS,FACAMP,SP
FACULDADE DE CIÊNCIAS EDUCACIONAIS DE CAPIM GROSSO,FCG,BA
FACULDADE DE CIÊNCIAS EDUCACIONAIS E SISTEMAS INTEGRADOS,FACESI,PR
FACULDADE DE CIÊNCIAS EDUCAÇÃO E TECNOLOGIA DE GARANHUNS,FACETEG,PE
FACULDADE DE CIÊNCIAS EDUCAÇÃO E TEOLOGIA DO NORTE DO BRASIL,FACETEN,RR
FACULDADE DE CIÊNCIAS EMPRESARIAIS,FACEMP,BA
FACULDADE DE CIÊNCIAS EXATAS E HUMANAS DA CAMPANHA,FCCP,MG
FACULDADE DE CIÊNCIAS EXATAS E TECNOLÓGICAS SANTO AGOSTINHO - FACET,FACET,MG
FACULDADE DE CIÊNCIAS GERENCIAIS ALVES FORTES,FACE - ALFOR,MG
FACULDADE DE CIÊNCIAS GERENCIAIS BARÃO DE JUNDIAÍ,FCG,SP
FACULDADE DE CIÊNCIAS GERENCIAIS DA BAHIA,UNICENID,BA
FACULDADE DE CIÊNCIAS GERENCIAIS DE MANHUAÇU,FACIG,MG
FACULDADE DE CIÊNCIAS GERENCIAIS DE SÃO GOTARDO,CESG,MG
FACULDADE DE CIÊNCIAS GERENCIAIS E EMPREENDEDORISMO - FACIGE,FACIGE,MG
FACULDADE DE CIÊNCIAS GERENCIAIS PADRE ARNALDO JANSSEN,FAJANSSEN,MG
FACULDADE DE CIÊNCIAS HUMANAS DE CRUZEIRO,FACIC,SP
FACULDADE DE CIÊNCIAS HUMANAS DE OLINDA,FACHO,PE
FACULDADE DE CIÊNCIAS HUMANAS DE PERNAMBUCO,FCHPE,PE
FACULDADE DE CIÊNCIAS HUMANAS DO SERTÃO CENTRAL,FACHUSC,PE
FACULDADE DE CIÊNCIAS HUMANAS DO VALE DO RIO GRANDE,FCHVRG,SP
FACULDADE DE CIÊNCIAS HUMANAS E BIOLÓGICAS E DA SAÚDE,FCHBS,MT
FACULDADE DE CIÊNCIAS HUMANAS E EXATAS DO SERTÃO DO SÃO FRANCISCO,FACESF,PE
FACULDADE DE CIÊNCIAS HUMANAS E SOCIAIS APLICADAS DO CABO DE SANTO AGOSTINHO,FACHUCA,PE
FACULDADE DE CIÊNCIAS HUMANAS E SOCIAIS DE ARARIPINA,FACISA,PE
FACULDADE DE CIÊNCIAS HUMANAS E SOCIAIS DE IGARASSU,FACIG,PE
FACULDADE DE CIÊNCIAS HUMANAS ECONÔMICAS E DA SAÚDE DE ARAGUAÍNA,FAHESA / ITPAC,TO
FACULDADE DE CIÊNCIAS HUMANAS ESUDA,FCHE,PE
FACULDADE DE CIÊNCIAS HUMANAS EXATAS E LETRAS DE RONDÔNIA,FARO,RO
FACULDADE DE CIÊNCIAS JURÍDICAS DE ALAGOAS,FCJAL,AL
FACULDADE DE CIÊNCIAS JURÍDICAS DE PARAÍSO DO TOCANTINS,FCJP,TO
FACULDADE DE CIÊNCIAS JURÍDICAS DE SANTOS DUMONT,FCJSD,MG
FACULDADE DE CIÊNCIAS JURÍDICAS E GERENCIAIS DE GARÇA,FAEG,SP
FACULDADE DE CIÊNCIAS JURÍDICAS E SOCIAIS APLICADAS DE PRIMAVERA DO LESTE,FCJSA,MT
FACULDADE DE CIÊNCIAS JURÍDICAS E SOCIAIS APLICADAS DO ARAGUAIA,FACULDADES CATHEDRAL,MT
FACULDADE DE CIÊNCIAS JURÍDICAS E SOCIAIS DE MACEIÓ,FAMA,AL
FACULDADE DE CIÊNCIAS JURÍDICAS PROFESSOR ALBERTO DEODATO,FCJPAD,MG
FACULDADE DE CIÊNCIAS MÉDICAS DA SANTA CASA SÃO PAULO,FCMSCSP,SP
FACULDADE DE CIÊNCIAS MÉDICAS DE CAMPINA GRANDE,FCM,PB
FACULDADE DE CIÊNCIAS MÉDICAS DE MINAS GERAIS,FCMMG,MG
FACULDADE DE CIÊNCIAS MÉDICAS DE PERNAMBUCO,FCM,PE
FACULDADE DE CIÊNCIAS MÉDICAS E DA SAÚDE DE JUIZ DE FORA,FCMS/JF,MG
FACULDADE DE CIÊNCIAS MÉDICAS E PARAMÉDICAS FLUMINENSE,SEFLU,RJ
FACULDADE DE CIÊNCIAS SAÚDE EXATAS E JURÍDICAS DE TERESINA,FACULDADE CEUT,PI
FACULDADE DE CIÊNCIAS SOCIAIS APLICADAS DO SUL DE MINAS,FACESM,MG
FACULDADE DE CIÊNCIAS SOCIAIS APLICADAS DO VALE DO SÃO LOURENÇO,EDUVALE,MT
FACULDADE DE CIÊNCIAS SOCIAIS APLICADAS E DE TECNOLOGIAS DE AGUA BOA,FACESA,MT
FACULDADE DE CIÊNCIAS SOCIAIS APLICADAS,FACISA,PB
FACULDADE DE CIÊNCIAS SOCIAIS DE FLORIANÓPOLIS,FCSF,SC
FACULDADE DE CIÊNCIAS SOCIAIS DE GUARANTÃ DO NORTE,FCSGN,MT
FACULDADE DE CIÊNCIAS SOCIAIS DOS PALMARES,FACIP,PE
FACULDADE DE CIÊNCIAS SOCIAIS E AGRÁRIAS DE ITAPEVA,FAIT,SP
FACULDADE DE CIÊNCIAS SOCIAIS E HUMANAS SOBRAL PINTO,FAIESP,MT
FACULDADE DE CIÊNCIAS SOCIAIS E TECNOLÓGICAS,FACITEC,DF
FACULDADE DE CIÊNCIAS TECNOLÓGICAS DE FORTALEZA,FCTFOR,CE
FACULDADE DE COLIDER,FACIDER,MT
FACULDADE DE COMPUTAÇÃO DE MONTES CLAROS,FACOMP,MG
FACULDADE DE COMPUTAÇÃO E INFORMÁTICA DA FUNDAÇÃO ARMANDO ALVARES PENTEADO,FCI-FAAP,SP
FACULDADE DE COMUNICAÇÃO E MARKETING DA - FUNDAÇÃO ARMANDO ÁLVARES PENTEADO,FACOM-FAAP,SP
FACULDADE DE COMUNICAÇÃO E TURISMO DE OLINDA,FACOTTUR,PE
FACULDADE DE COMUNICAÇÃO PITÁGORAS UNIDADE GUARAPARI,PIT GUARAPARI,ES
FACULDADE DE COMUNICAÇÃO SOCIAL DE PASSOS,FACOMP,MG
FACULDADE DE DESENVOLVIMENTO DO RIO GRANDE DO SUL,FADERGS,RS
FACULDADE DE DESENVOLVIMENTO E INTEGRAÇÃO REGIONAL,FADIRE,PE
FACULDADE DE DESENVOLVIMENTO SUSTENTÁVEL DE CRUZEIRO DO SUL,IEVAL,AC
FACULDADE DE DIREITO DE CACHOEIRO DO ITAPEMIRIM,FDCI,ES
FACULDADE DE DIREITO DE CARUARU,FADICA,PE
FACULDADE DE DIREITO DE CONSELHEIRO LAFAIETE,FDCL,MG
FACULDADE DE DIREITO DE FRANCA,FDF,SP
FACULDADE DE DIREITO DE GARANHUNS,FDG,PE
FACULDADE DE DIREITO DE IPATINGA,FADIPA,MG
FACULDADE DE DIREITO DE ITÚ,FADITU,SP
FACULDADE DE DIREITO DE SANTA MARIA,FADISMA,RS
FACULDADE DE DIREITO DE SOROCABA,FADI,SP
FACULDADE DE DIREITO DE SÃO BERNARDO DO CAMPO,FDSBC,SP
FACULDADE DE DIREITO DE TANGARÁ DA SERRA,UNIC,MT
FACULDADE DE DIREITO DE VARGINHA - FADIVA,FADIVA,MG
FACULDADE DE DIREITO DO SUL DE MINAS,FDSM,MG
FACULDADE DE DIREITO DO VALE DO RIO DOCE,FADIVALE,MG
FACULDADE DE DIREITO E CIÊNCIAS SOCIAIS DO LESTE DE MINAS - FADILESTE,FADILESTE,MG
FACULDADE DE DIREITO FRANCISCO BELTRÃO,CESUL,PR
FACULDADE DE DIREITO MILTON CAMPOS,FDMC,MG
FACULDADE DE DIREITO PADRE ARNALDO JANSSEN,FAJANSSEN,MG
FACULDADE DE DIREITO UNIDADE GUARAPARI,FADIG,ES
FACULDADE DE DUQUE DE CAXIAS,FDC,RJ
FACULDADE DE ECONOMIA E FINANÇAS DO RIO DE JANEIRO,FEFRJ,RJ
FACULDADE DE ECONOMIA E FINANÇAS IBMEC,FACULDADES IBMEC,RJ
FACULDADE DE ECONOMIA E PROCESSAMENTO DE DADOS DE FOZ DO IGUAÇU,FEPI,PR
FACULDADE DE EDUCAÇÃO ADMINISTRAÇÃO E TECNOLOGIA DE IBAITI,FEATI,PR
FACULDADE DE EDUCAÇÃO CIÊNCIAS E ARTES DOM BOSCO DE MONTE APRAZÍVEL,FAECA DOM BOSCO,SP
FACULDADE DE EDUCAÇÃO CIÊNCIAS E LETRAS DE PARAÍSO,FECIPAR,TO
FACULDADE DE EDUCAÇÃO DE ASSIS,FAEDA,SP
FACULDADE DE EDUCAÇÃO DE BACABAL - FEBAC,FEBAC,MA
FACULDADE DE EDUCAÇÃO DE BOM DESPACHO,FACEB,MG
FACULDADE DE EDUCAÇÃO DE COLORADO DO OESTE,FAEC,RO
FACULDADE DE EDUCAÇÃO DE COSTA RICA,FECRA,MS
FACULDADE DE EDUCAÇÃO DE GUARATINGUETÁ,FACEG,SP
FACULDADE DE EDUCAÇÃO DE JARU,UNICENTRO,RO
FACULDADE DE EDUCAÇÃO DE NOVA ANDRADINA,FENA,MS
FACULDADE DE EDUCAÇÃO DE PORTO VELHO,UNIRON,RO
FACULDADE DE EDUCAÇÃO E CIÊNCIAS GERENCIAIS DE SÃO PAULO,FECG-SP,SP
FACULDADE DE EDUCAÇÃO E CIÊNCIAS HUMANAS DE ANICUNS,FECHA,GO
FACULDADE DE EDUCAÇÃO E CULTURA DE VILHENA,FAEV/UNESC,RO
FACULDADE DE EDUCAÇÃO E ESTUDOS SOCIAIS DE GOVERNADOR VALADARES,FUNEES G. Valadares,MG
FACULDADE DE EDUCAÇÃO E ESTUDOS SOCIAIS DE UBERLÂNDIA,FUNEES Uberlândia,MG
FACULDADE DE EDUCAÇÃO E MEIO AMBIENTE,FAEMA,RO
FACULDADE DE EDUCAÇÃO FÍSICA DA ASSOCIAÇÃO CRISTÃ DE MOÇOS DE SOROCABA,FEFISO,SP
FACULDADE DE EDUCAÇÃO FÍSICA DE BARRA BONITA,FAEFI,SP
FACULDADE DE EDUCAÇÃO REGIONAL SERRANA,FUNPAC,ES
FACULDADE DE EDUCAÇÃO SUPERIOR DE TIMBAÚBA,FAEST,PE
FACULDADE DE EDUCAÇÃO SUPERIOR DO PARANÁ,FESPPR,PR
FACULDADE DE EDUCAÇÃO SÃO FRANCISCO,FAESF,MA
FACULDADE DE EDUCAÇÃO SÃO LUÍS,FESL,SP
FACULDADE DE EDUCAÇÃO TECNOLÓGICA DO ESTADO DO RIO DE JANEIRO,FAETERJ PARACAMBI,RJ
FACULDADE DE EDUCAÇÃO,ISECUB,ES
FACULDADE DE ENFERMAGEM DE BELO JARDIM,FAEB,PE
FACULDADE DE ENFERMAGEM DE PASSOS,FAENPA,MG
FACULDADE DE ENFERMAGEM E MEDICINA NOVA ESPERANÇA DE MOSSORÓ,Facene,RN
FACULDADE DE ENFERMAGEM LUIZA DE MARILLAC,FELM,RJ
FACULDADE DE ENFERMAGEM NOSSA SENHORA DAS GRAÇAS,FENSG,PE
FACULDADE DE ENFERMAGEM NOVA ESPERANÇA,FACENE,PB
FACULDADE DE ENFERMAGEM SÃO VICENTE DE PAULA,FESVIP,PB
FACULDADE DE ENGENHARIA DE MINAS GERAIS,FEMG,MG
FACULDADE DE ENGENHARIA DE PASSOS,FEP,MG
FACULDADE DE ENGENHARIA DE RESENDE,FER,RJ
FACULDADE DE ENGENHARIA DE SOROCABA,FACENS,SP
FACULDADE DE ENGENHARIA SOUZA MARQUES,FESM,RJ
FACULDADE DE ENGENHARIA SÃO PAULO,FESP,SP
FACULDADE DE ENSINO E CULTURA DO CEARÁ,FAECE,CE
FACULDADE DE ENSINO SUPERIOR DA AMAZÔNIA,FESAM,AP
FACULDADE DE ENSINO SUPERIOR DA CIDADE DE FEIRA DE SANTANA,FAESF/UNEF,BA
FACULDADE DE ENSINO SUPERIOR DA PARAÍBA,FESP,PB
FACULDADE DE ENSINO SUPERIOR DE FLORIANO,FAESF,PI
FACULDADE DE ENSINO SUPERIOR DE MARECHAL CÂNDIDO RONDON,ISEPE RONDON,PR
FACULDADE DE ENSINO SUPERIOR DE SÃO MIGUEL DO IGUAÇU,FAESI,PR
FACULDADE DE ENSINO SUPERIOR DO INTERIOR PAULISTA,FAIP,SP
FACULDADE DE ENSINO SUPERIOR E FORMAÇÃO INTEGRAL,FAEF,SP
FACULDADE DE ENSINO SUPERIOR SANTA BARBARA,FAESB,SP
FACULDADE DE ENSINO TECNOLÓGICO DO ESTADO DO PARÁ,FACETE,PA
FACULDADE DE ESTUDOS ADMINISTRATIVOS DE MINAS GERAIS,FEAD,MG
FACULDADE DE ESTUDOS AVANÇADOS DO PARÁ,FEAPA,PA
FACULDADE DE ESTUDOS SOCIAIS APLICADOS DE VIANA,FESAV,ES
FACULDADE DE ESTUDOS SOCIAIS DO ESPÍRITO SANTO,PIO XII,ES
FACULDADE DE ESTUDOS SUPERIORES DE MINAS GERAIS,FEAD,MG
FACULDADE DE EXCELÊNCIA DO RIO GRANDE DO NORTE,Fatern Gama Filho,RN
FACULDADE DE FILOSOFIA CIÊNCIAS E LETRAS DE ALEGRE,FAFIA,ES
FACULDADE DE FILOSOFIA CIÊNCIAS E LETRAS DE CARUARU,FAFICA,PE
FACULDADE DE FILOSOFIA CIÊNCIAS E LETRAS DE IBITINGA,FAIBI,SP
FACULDADE DE FILOSOFIA CIÊNCIAS E LETRAS DE SÃO JOSÉ DO RIO PARDO,FFCL,SP
FACULDADE DE FILOSOFIA CIÊNCIAS E LETRAS NOSSA SENHORA APARECIDA,FNSA,SP
FACULDADE DE FILOSOFIA CIÊNCIAS E LETRAS SOUZA MARQUES,FFCLSM,RJ
FACULDADE DE FILOSOFIA DE PASSOS,FAFIPA,MG
FACULDADE DE FILOSOFIA E CIÊNCIAS HUMANAS DE GOIATUBA,FAFICH,GO
FACULDADE DE FILOSOFIA E TEOLOGIA PAULO VI,FFTP,SP
FACULDADE DE FILOSOFIA SANTA DOROTEIA,FFSD,RJ
FACULDADE DE FORMAÇÃO DE PROFESSORES DA MATA SUL,FAMASUL,PE
FACULDADE DE FORMAÇÃO DE PROFESSORES DE AFOGADOS DA INGAZEIRA,FAFOPAI,PE
FACULDADE DE FORMAÇÃO DE PROFESSORES DE ARARIPINA,FAFOPA,PE
FACULDADE DE FORMAÇÃO DE PROFESSORES DE BELO JARDIM,FABEJA,PE
FACULDADE DE FORMAÇÃO DE PROFESSORES DE GOIANA,FFPG,PE
FACULDADE DE FORMAÇÃO DE PROFESSORES DE NAZARÉ DA MATA,FFPNM,PE
FACULDADE DE FORMAÇÃO DE PROFESSORES DE PETROLINA,Faculdade de Formação de Professores de Petrolina,PE
FACULDADE DE FORMAÇÃO DE PROFESSORES DE SERRA TALHADA,FAFOPST,PE
FACULDADE DE FORTALEZA,FAFOR,CE
FACULDADE DE GETÚLIO VARGAS,FACULDADE IDEAU,RS
FACULDADE DE GOIÂNIA - UNIDADE 1,FAG,GO
FACULDADE DE GUANAMBI,FG,BA
FACULDADE DE ILHA SOLTEIRA,FAISA,SP
FACULDADE DE IMPERATRIZ,FACIMP,MA
FACULDADE DE INFORMÁTICA DE OURO PRETO DO OESTE,FIOURO,RO
FACULDADE DE INFORMÁTICA DE PASSOS,FIP,MG
FACULDADE DE INFORMÁTICA DO RECIFE,FACIR,PE
FACULDADE DE INFORMÁTICA LEMOS DE CASTRO,FILC,RJ
FACULDADE DE INHUMAS - FAC-MAIS,FACMAIS,GO
FACULDADE DE INTEGRAÇÃO DO SERTÃO,FIS,PE
FACULDADE DE IPORÁ,FAI,GO
FACULDADE DE ITAITUBA,FAI,PA
FACULDADE DE ITAPECERICA DA SERRA,FIT,SP
FACULDADE DE ITAPIRANGA,SEI/FAI,SC
FACULDADE DE ITÁPOLIS - FACITA,FACITA,SP
FACULDADE DE JABOTICABAL,FAJAB,SP
FACULDADE DE JAGUARIÚNA,FAJ,SP
FACULDADE DE JANDAIA DO SUL,FAFIJAN,PR
FACULDADE DE JOSÉ BONIFÁCIO,FJB,SP
FACULDADE DE JUAZEIRO DO NORTE,FJN,CE
FACULDADE DE JUNQUEIRÓPOLIS,ISEJ,SP
FACULDADE DE JUSSARA,FAJ,GO
FACULDADE DE MACAPÁ,FAMA,AP
FACULDADE DE MEDICINA DE BARBACENA,FUNJOB,MG
FACULDADE DE MEDICINA DE CAMPOS,FMC,RJ
FACULDADE DE MEDICINA DE ITAJUBÁ,FMIT,MG
FACULDADE DE MEDICINA DE JUAZEIRO DO NORTE,FMJ,CE
FACULDADE DE MEDICINA DE JUNDIAÍ,FMJ,SP
FACULDADE DE MEDICINA DE MARÍLIA,FAMEMA,SP
FACULDADE DE MEDICINA DE PETRÓPOLIS,FMP,RJ
FACULDADE DE MEDICINA DE SÃO JOSÉ DO RIO PRETO,FAMERP,SP
FACULDADE DE MEDICINA DO ABC,FMABC,SP
FACULDADE DE MINAS,FAMINAS,MG
FACULDADE DE MIRANDÓPOLIS,FAM,SP
FACULDADE DE MODA DE PASSOS,FAMOPA,MG
FACULDADE DE MONTE ALTO,FMA,SP
FACULDADE DE MÚSICA DO ESPÍRITO SANTO,FAMES,ES
FACULDADE DE NANUQUE,FANAN,MG
FACULDADE DE NATAL,FAL,RN
FACULDADE DE NOVA SERRANA,FANS,MG
FACULDADE DE NUTRIÇÃO DA FUNDAÇÃO DE ENSINO SUPERIOR DE PASSOS,FANUTRI,MG
FACULDADE DE ODONTOLOGIA DE CARUARU,FOC,PE
FACULDADE DE ODONTOLOGIA DE MANAUS,Fom,AM
FACULDADE DE ODONTOLOGIA DE PERNAMBUCO,FOP,PE
FACULDADE DE ODONTOLOGIA DO RECIFE,FOR,PE
FACULDADE DE ODONTOLOGIA E CENTRO DE PESQUISAS ODONTOLÓGICAS SÃO LEOPOLDO MANDIC,SLMANDIC,SP
FACULDADE DE OLINDA,FOCCA,PE
FACULDADE DE ORLÂNDIA,FAO,SP
FACULDADE DE PALMAS,FAPAL,TO
FACULDADE DE PATO BRANCO,FADEP,PR
FACULDADE DE PAULÍNIA,FACP,SP
FACULDADE DE PEDAGOGIA,ANAEC,MS
FACULDADE DE PIMENTA BUENO,FAP,RO
FACULDADE DE PINDAMONHANGABA,FAPI,SP
FACULDADE DE PONTA PORÃ,FAP,MS
FACULDADE DE PORTO VELHO,FIP,RO
FACULDADE DE PRESIDENTE EPITÁCIO - FAPE,FAPE,SP
FACULDADE DE PRESIDENTE VENCESLAU,FAPREV,SP
FACULDADE DE PRIMAVERA,CESPRI,SP
FACULDADE DE QUATRO MARCOS,FQM,MT
FACULDADE DE REABILITAÇÃO DA ASCE,FRASCE,RJ
FACULDADE DE REALEZA,CESREAL,PR
FACULDADE DE RIBEIRÃO PRETO,AFARP,SP
FACULDADE DE ROLIM DE MOURA,FAROL,RO
FACULDADE DE RONDÔNIA,FARO,RO
FACULDADE DE ROSEIRA,FARO,SP
FACULDADE DE SABARÁ,SOECS,MG
FACULDADE DE SAÚDE CIÊNCIAS HUMANAS E TECNOLÓGICAS DO PIAUÍ,Novafapi,PI
FACULDADE DE SAÚDE DE SÃO PAULO,FASSP,SP
FACULDADE DE SAÚDE E DESENVOLVIMENTO HUMANO SANTO AGOSTINHO,FS,MG
FACULDADE DE SAÚDE IBITURUNA,FASI,MG
FACULDADE DE SERGIPE,FaSe,SE
FACULDADE DE SERVIÇO SOCIAL DE PASSOS,FASESP,MG
FACULDADE DE SORRISO,FAIS,MT
FACULDADE DE SÃO BENTO DO RIO DE JANEIRO,FSB/RJ,RJ
FACULDADE DE SÃO JOSÉ DOS CAMPOS,BILAC,SP
FACULDADE DE SÃO LOURENÇO,FASAMA,MG
FACULDADE DE SÃO ROQUE,FAEV,SP
FACULDADE DE SÃO VICENTE,FSV,SP
FACULDADE DE TALENTOS HUMANOS,FACTHUS,MG
FACULDADE DE TAQUARITINGA,FTGA,SP
FACULDADE DE TECNOLOGIA APOENA,FTA,CE
FACULDADE DE TECNOLOGIA BANDEIRANTES,BANDTEC,SP
FACULDADE DE TECNOLOGIA CENTEC,CENTEC,CE
FACULDADE DE TECNOLOGIA DA PARAÍBA,FATECPB,PB
FACULDADE DE TECNOLOGIA DE BOTUCATU,FATEC BT,SP
FACULDADE DE TECNOLOGIA DE CARAPICUIBA,FATEC,SP
FACULDADE DE TECNOLOGIA DE GUARATINGUETÁ,FATEC GT,SP
FACULDADE DE TECNOLOGIA DE ITAPETININGA - PROF.ANTÔNIO BELIZANDRO BARBOSA REZENDE,Fatec - Itapetininga,SP
FACULDADE DE TECNOLOGIA DE ITAQUAQUECETUBA,Fatec Itaqua,SP
FACULDADE DE TECNOLOGIA DE JACAREÍ,ETEP,SP
FACULDADE DE TECNOLOGIA DE JUNDIAÍ,FATEC/JD,SP
FACULDADE DE TECNOLOGIA DE MINAS GERAIS,FATEMG,MG
FACULDADE DE TECNOLOGIA DE MOGI DAS CRUZES,FATEC-MC,SP
FACULDADE DE TECNOLOGIA DE PIRACICABA,Fatec Piracicaba,SP
FACULDADE DE TECNOLOGIA DE PORTO ALEGRE,FAQI,RS
FACULDADE DE TECNOLOGIA DE SÃO BERNARDO DO CAMPO,FATEC-SB,SP
FACULDADE DE TECNOLOGIA DE SÃO JOSÉ DO RIO PRETO,FATECRP,SP
FACULDADE DE TECNOLOGIA DE SÃO JOSÉ DOS CAMPOS,ETEP,SP
FACULDADE DE TECNOLOGIA DE SÃO SEBASTIÃO,Fatec SS,SP
FACULDADE DE TECNOLOGIA DE TAQUARITINGA,FATEC/TQ,SP
FACULDADE DE TECNOLOGIA DE TATUÍ - PROF. WILSON ROBERTO RIBEIRO DE CAMARGO,FATEC TATUÍ,SP
FACULDADE DE TECNOLOGIA DE VALENÇA,FACTIVA,BA
FACULDADE DE TECNOLOGIA DO COMÉRCIO,FATEC-COMERCIO,MG
FACULDADE DE TECNOLOGIA DO ESTADO DE SÃO PAULO,FATEC,SP
FACULDADE DE TECNOLOGIA DO IPIRANGA,FATECIPI,SP
FACULDADE DE TECNOLOGIA DO NORDESTE,FATENE,CE
FACULDADE DE TECNOLOGIA DO PIAUÍ,FATEPI,PI
FACULDADE DE TECNOLOGIA DR. THOMAZ NOVELINO,FATEC Franca,SP
FACULDADE DE TECNOLOGIA E CIENCIAS DO NORTE DO PARANÁ,FATECIE,PR
FACULDADE DE TECNOLOGIA E CIÊNCIAS DE PERNAMBUCO,FATEC,PE
FACULDADE DE TECNOLOGIA E CIÊNCIAS,FTC,BA
FACULDADE DE TECNOLOGIA E CIÊNCIAS,FTCEAD,SE
FACULDADE DE TECNOLOGIA E GESTÃO,FATEG,PR
FACULDADE DE TECNOLOGIA E NEGÓCIOS CARLOS DRUMMOND DE ANDRADE,FTNCDA,SP
FACULDADE DE TECNOLOGIA EGÍDIO JOSÉ DA SILVA,FATEGIDIO,MG
FACULDADE DE TECNOLOGIA EM HOTELARIA GASTRONOMIA E TURISMO DE SÃO PAULO,HOTEC,SP
FACULDADE DE TECNOLOGIA EMPRESARIAL,FTEBA,BA
FACULDADE DE TECNOLOGIA ESTUDANTE RAFAEL ALMEIDA CAMARINHA - MARILIA,Fatec Marilia,SP
FACULDADE DE TECNOLOGIA EVOLUÇÃO,FECET,CE
FACULDADE DE TECNOLOGIA FAMA,FAMA,PE
FACULDADE DE TECNOLOGIA FRANCISCO MORATO,FFRAMO,SP
FACULDADE DE TECNOLOGIA GESTÃO & MARKETING,IBGM / FGM,PE
FACULDADE DE TECNOLOGIA IBRATEC,UNIBRATEC,PE
FACULDADE DE TECNOLOGIA IBTA CAMPINAS,IBTA,SP
FACULDADE DE TECNOLOGIA INESUL DO PARANÁ,FIPAR,PR
FACULDADE DE TECNOLOGIA INFORMÁTICA,FATI,CE
FACULDADE DE TECNOLOGIA INTENSIVA,FATECI,CE
FACULDADE DE TECNOLOGIA INTERNACIONAL DE CURITIBA,FATEC Internacional,PR
FACULDADE DE TECNOLOGIA LA SALLE - ESTRELA,FACSALLE,RS
FACULDADE DE TECNOLOGIA LOURENÇO FILHO,FATEC FLF,CE
FACULDADE DE TECNOLOGIA OSWALDO CRUZ,FATEC OSWALDO CRUZ,SP
FACULDADE DE TECNOLOGIA PEDRO ROGÉRIO GARCIA,FATTEP,SC
FACULDADE DE TECNOLOGIA PENTÁGONO,FATEP,SP
FACULDADE DE TECNOLOGIA PROF. LUIZ ROSA,FATEC Luiz Rosa,SP
FACULDADE DE TECNOLOGIA RUBENS LARA,FATEC-BS,SP
FACULDADE DE TECNOLOGIA SAINT PASTOUS,FSP,RS
FACULDADE DE TECNOLOGIA SENAC BLUMENAU,SENAC,SC
FACULDADE DE TECNOLOGIA SENAC FLORIANÓPOLIS,SENAC FLORIANÓPOLIS,SC
FACULDADE DE TECNOLOGIA SENAC SÃO MIGUEL DO OESTE,5133,SC
FACULDADE DE TECNOLOGIA SENAI BELO HORIZONTE,FATEC SENAI BH,MG
FACULDADE DE TECNOLOGIA SENAI CHAPECÓ,SENAI,SC
FACULDADE DE TECNOLOGIA SENAI DE DESENVOLVIMENTO GERENCIAL,FATESG,GO
FACULDADE DE TECNOLOGIA SENAI ROBERTO MANGE,FATEC SENAI RM,GO
FACULDADE DE TECNOLOGIA SENAI ÍTALO BOLOGNA,FATECIB,GO
FACULDADE DE TECNOLOGIA TECBRASIL,FTEC,RS
FACULDADE DE TECNOLOGIA TECMED,TECMED,SP
FACULDADE DE TECNOLOGIA TERMOMECANICA,FTT,SP
FACULDADE DE TECNOLOGIA ZONA LESTE,FATEC-ZL,SP
FACULDADE DE TECNOLOGIA ÁLVARES DE AZEVEDO,FAATESP,SP
FACULDADE DE TECONOLOGIA DA ZONA SUL,FATEC ZONASUL,SP
FACULDADE DE TELÊMACO BORBA,FATEB,PR
FACULDADE DE TEOLOGIA E CIÊNCIAS,FATEC,SP
FACULDADE DE TEOLOGIA FILOSOFIA E CIÊNCIAS HUMANAS GAMALIEL,FATEFIG,PA
FACULDADE DE TEOLOGIA INTEGRADA,FATIN,PE
FACULDADE DE TUPI PAULISTA,CESTUPI,SP
FACULDADE DE VINHEDO,FV,SP
FACULDADE DE VIÇOSA,FDV,MG
FACULDADE DECISION DE NEGÓCIOS,FACULDADE DECISION,RS
FACULDADE DECISÃO,FADE,PE
FACULDADE DEHONIANA,DEHONIANA,SP
FACULDADE DEL REY,FDR,MG
FACULDADE DELTA,FACDELTA,BA
FACULDADE DIADEMA,FAD,SP
FACULDADE DINÂMICA DO VALE DO PIRANGA,FADIP,MG
FACULDADE DIOCESANA SÃO JOSÉ,FADISI,AC
FACULDADE DIVINÓPOLIS,FACED,MG
FACULDADE DO ACRE,FAC,AC
FACULDADE DO AGRESTE DE PERNAMBUCO,FAAPE,PE
FACULDADE DO AMAZONAS,Iaes,AM
FACULDADE DO BAIXO PARNAÍBA,FAP,MA
FACULDADE DO BICO DO PAPAGAIO,FABIC,TO
FACULDADE DO CENTRO EDUCACIONAL MINEIRO - FACEM,FACEM-BH,MG
FACULDADE DO CENTRO LESTE,UCL,ES
FACULDADE DO CLUBE NÁUTICO MOGIANO,FCNM,SP
FACULDADE DO DESCOBRIMENTO,FACDESCO,BA
FACULDADE DO ESTADO DO MARANHÃO,FACEM,MA
FACULDADE DO FUTURO,FAF,MG
FACULDADE DO GUARUJÁ,FAGU,SP
FACULDADE DO INSTITUTO BRASIL,FIBRA,GO
FACULDADE DO INSTITUTO NACIONAL DE PÓS-GRADUAÇÃO DE SÃO JOSÉ DOS CAMPOS,FACULDADE INPG - SJC,SP
FACULDADE DO LITORAL CATARINENSE,FLC,SC
FACULDADE DO LITORAL PARANAENSE,FLP,PR
FACULDADE DO LITORAL SUL PAULISTA,FALS,SP
FACULDADE DO MEIO AMBIENTE E DE TECNOLOGIA DE NEGOCIOS,FAMATEC,DF
FACULDADE DO NOROESTE DE MINAS,FINOM,MG
FACULDADE DO NOROESTE PARANAENSE,FANP,PR
FACULDADE DO NORTE GOIANO,FNG,GO
FACULDADE DO NORTE NOVO DE APUCARANA,FACNOPAR,PR
FACULDADE DO NORTE PIONEIRO,FANORPI,PR
FACULDADE DO PANTANAL MATOGROSSENSE,FAPAN,MT
FACULDADE DO SUDESTE GOIANO,FASUG,GO
FACULDADE DO SUDESTE MINEIRO,FACSUM,MG
FACULDADE DO SUL DA BAHIA,FASB,BA
FACULDADE DO SUL,FACSUL,BA
FACULDADE DO TAPAJÓS,FAT,PA
FACULDADE DO TRABALHO,FATRA,MG
FACULDADE DO VALE DO IPOJUCA,FAVIP,PE
FACULDADE DO VALE DO ITAJAÍ MIRIM,FAVIM,SC
FACULDADE DO VALE DO ITAPECURÚ,FAI,MA
FACULDADE DOCTUM DE ADMINISTRAÇÃO DA SERRA,DOCTUM,ES
FACULDADE DOCTUM DE ADMINISTRAÇÃO E EDUCAÇÃO DE VITÓRIA,DOCTUM,ES
FACULDADE DOCTUM DE CARANGOLA,DOCTUM,MG
FACULDADE DOCTUM DE DIREITO DA SERRA,DOCTUM,ES
FACULDADE DOCTUM DE JOÃO MONLEVADE,DOCTUM,MG
FACULDADE DOCTUM DE JUIZ DE FORA,DOCTUM,MG
FACULDADE DOCTUM DE MANHUAÇU,DOCTUM,MG
FACULDADE DOCTUM DE VILA VELHA,DOCTUM,ES
FACULDADE DOCTUM DE VITÓRIA,DOCTUM,ES
FACULDADE DOIS DE JULHO,F2J,BA
FACULDADE DOM ALBERTO,FDA,RS
FACULDADE DOM BOSCO,FDB,PR
FACULDADE DOM LUIS DE ORLEANS E BRAGANÇA,FARRP,BA
FACULDADE DOM PEDRO II DE TECNOLOGIA,FAB,BA
FACULDADE DOM PEDRO II,FDPII ,BA
FACULDADE DOS CERRADOS PIAUIENSES,FCP,PI
FACULDADE DOS GUARARAPES,FG,PE
FACULDADE DOS IMIGRANTES - FAI,FAI,RS
FACULDADE DOUTOR FRANCISCO MAEDA,FAFRAM,SP
FACULDADE DOUTOR LEOCÁDIO JOSÉ CORREIA,FALEC,PR
FACULDADE ECOAR,FAECO,RS
FACULDADE EDUCACIONAL DA LAPA,FAEL,PR
FACULDADE EDUCACIONAL DE ARAPOTI,FATI,PR
FACULDADE EDUCACIONAL DE COLOMBO,FAEC,PR
FACULDADE EDUCACIONAL DE CORNÉLIO PROCÓPIO,FACED,PR
FACULDADE EDUCACIONAL DE DOIS VIZINHOS,FAED,PR
FACULDADE EDUCACIONAL DE FRANCISCO BELTRÃO,FEFB,PR
FACULDADE EDUCACIONAL DE MEDIANEIRA,FACEMED,PR
FACULDADE EDUCACIONAL DE PONTA GROSSA,UNIÃO,PR
FACULDADE EDUCAÇÃO FÍSICA DE PASSOS,FADEF,MG
FACULDADE EDUVALE DE AVARÉ,EDUVALE,SP
FACULDADE EMPRESARIAL DE CHAPECÓ,FAEM,SC
FACULDADE ENIAC,ENIAC,SP
FACULDADE ENTRE RIOS DO PIAUÍ,FAERPI,PI
FACULDADE EQUIPE,FAE,RS
FACULDADE ERNESTO RISCALI,FAER,SP
FACULDADE ESAMC SANTOS,ESAMC,SP
FACULDADE ESAMC SOROCABA,ESAMC,SP
FACULDADE ESAMC UBERLÂNDIA,ESAMC,MG
FACULDADE ESCOLA PAULISTA DE DIREITO,FACEPD,SP
FACULDADE ESCRITOR OSMAN DA COSTA LINS,FACOL,PE
FACULDADE ESPECIALIZADA NA ÁREA DE SAÚDE DO RIO GRANDE DO SUL,FASURGS,RS
FACULDADE ESPÍRITO SANTENSE,UNICAPE,ES
FACULDADE ESTADUAL DE CIÊNCIAS E LETRAS DE CAMPO MOURÃO,FECILCAM,PR
FACULDADE ESTADUAL DE CIÊNCIAS ECONÔMICAS DE APUCARANA,FECEA,PR
FACULDADE ESTADUAL DE FILOSOFIA CIÊNCIAS E LETRAS DE PARANAGUÁ,FAFIPAR,PR
FACULDADE ESTADUAL DE FILOSOFIA CIÊNCIAS LETRAS UNIÃO DA VITÓRIA,FAFIUV,PR
FACULDADE ESTAÇÃO,FAEST,PR
FACULDADE ESTÁCIO COTIA,Estácio FAAC,SP
FACULDADE ESTÁCIO DA AMAZÔNIA,Estácio Atual,RR
FACULDADE ESTÁCIO DA PARAÍBA,ESTÁCIO PARAÍBA,PB
FACULDADE ESTÁCIO DE ALAGOAS - ESTÁCIO FAL,ESTÁCIO FAL,AL
FACULDADE ESTÁCIO DE CURITIBA,ESTÁCIO CURITIBA,PR
FACULDADE ESTÁCIO DE SANTO ANDRÉ,ESTÁCIO SANTO ANDRÉ,SP
FACULDADE ESTÁCIO DE SÁ DE CAMPO GRANDE,FESCG,MS
FACULDADE ESTÁCIO DE SÁ DE GOIÁS,FESGO,GO
FACULDADE ESTÁCIO DE SÁ DE JUIZ DE FORA,FESJF,MG
FACULDADE ESTÁCIO DE SÁ DE OURINHOS,FAESO,SP
FACULDADE ESTÁCIO DE SÁ DE VILA VELHA,FESVV,ES
FACULDADE ESTÁCIO DE SÃO LUÍS,ESTÁCIO SÃO LUÍS,MA
FACULDADE ESTÁCIO DO AMAPÁ - ESTÁCIO FAMAP,ESTÁCIO FAMAP,AP
FACULDADE ESTÁCIO DO RECIFE - ESTÁCIO FIR,Estácio FIR,PE
FACULDADE ESTÁCIO EURO- PANAMERICANA DE HUMANIDADES E TECNOLOGIAS - ESTÁCIO EUROPAN,ESTÁCIO EUROPAN,SP
FACULDADE ESTÁCIO MONTESSORI DE IBIÚNA,ESTÁCIO FMI,SP
FACULDADE EUCLIDES DA CUNHA,FAEUC,AC
FACULDADE EUROPÉIA DE ADMINISTRAÇÃO E MARKETING,FEPAM,PE
FACULDADE EVANGÉLICA DE SALVADOR,FACESA,BA
FACULDADE EVANGÉLICA DO MEIO NORTE,FAEME,MA
FACULDADE EVANGÉLICA DO PARANÁ,FEPAR,PR
FACULDADE EVANGÉLICA DO PIAUI,FAEPI,PI
FACULDADE EVOLUTIVO,Face,CE
FACULDADE EVOLUÇÃO ALTO OESTE POTIGUAR,FACEP,RN
FACULDADE EÇA DE QUEIROS,FACEQ,SP
FACULDADE FACCAT,FACCAT,SP
FACULDADE FACTUM,Factum,RS
FACULDADE FAPAN,FAPAN,SP
FACULDADE FARIAS BRITO,FFB,CE
FACULDADE FASIPE,FASIPE,MT
FACULDADE FERNÃO DIAS,FAFE,SP
FACULDADE FILADÉLFIA,FAFIL,SP
FACULDADE FLEMING,SEF,SP
FACULDADE FOZ DO IGUAÇU,FAFIG,PR
FACULDADE FRASSINETTI DO RECIFE,FAFIRE,PE
FACULDADE FRUTAL,FAF,MG
FACULDADE FUCAPE,FUCAPE,ES
FACULDADE GAMA E SOUZA,FGS,RJ
FACULDADE GENNARI E PEARTREE,FGP,SP
FACULDADE GEREMÁRIO DANTAS,SFNSC,RJ
FACULDADE GLOBAL DE UMUARAMA,FGU,PR
FACULDADE GUARAPUAVA,FG,PR
FACULDADE GUARAÍ,FAG,TO
FACULDADE GUILHERME GUIMBALA,FGG,SC
FACULDADE HERRERO,FATEC,PR
FACULDADE HORIZONTES,FH,SP
FACULDADE HÉLIO ROCHA,FHR,BA
FACULDADE IBGEN - INSTITUTO BRASILEIRO DE GESTÃO DE NEGÓCIOS,IBGEN,RS
FACULDADE IBGEN,IBGEN,RS
FACULDADE ICESP,ICESP,DF
FACULDADE IDEAL,FACI,PA
FACULDADE IGUAÇU,FI,PR
FACULDADE IMPACTA TECNOLOGIA,FIT,SP
FACULDADE INDEPENDENTE DO NORDESTE,FAINOR,BA
FACULDADE INED DE RIO CLARO,CBTA,SP
FACULDADE INEDI,CESUCA,RS
FACULDADE INESP - INSTITUTO NACIONAL DE ENSINO E PESQUISA,INESP,SP
FACULDADE INTEGRADA BRASIL AMAZÔNIA,FIBRA,PA
FACULDADE INTEGRADA DA GRANDE FORTALEZA,FGF,CE
FACULDADE INTEGRADA DE ARAGUATINS,FAIARA,TO
FACULDADE INTEGRADA DE ENSINO SUPERIOR DE COLINAS,FIESC,TO
FACULDADE INTEGRADA DE PERNAMBUCO,FACIPE,PE
FACULDADE INTEGRADA DE SANTA MARIA,FISMA,RS
FACULDADE INTEGRADA DO CEARÁ,Fic,CE
FACULDADE INTEGRADA DO RECIFE,FIR,PE
FACULDADE INTEGRADA EUCLIDES FERNANDES,FAJ,BA
FACULDADE INTEGRADA METROPOLITANA DE CAMPINAS,METROCAMP,SP
FACULDADE INTEGRADA RIO BRANCO,FIRB,AC
FACULDADE INTEGRADA TIRADENTES,FITS,AL
FACULDADE INTEGRADO DE CAMPO MOURÃO,CEI,PR
FACULDADE INTEGRAL CANTAREIRA,F.I.C.,SP
FACULDADE INTEGRAL DIFERENCIAL,FACID,PI
FACULDADE INTEGRAÇÃO TIETE,FIT,SP
FACULDADE INTERAMERICANA DE PORTO VELHO,UNIRON,RO
FACULDADE INTERATIVA COC,UniCOC,SE
FACULDADE INTERAÇÃO AMERICANA,FIA,SP
FACULDADE INTERMUNICIPAL DO NOROESTE DO PARANÁ,FACINOR,PR
FACULDADE INTERNACIONAL DA PARAÍBA,FPB,PB
FACULDADE INTERNACIONAL DO DELTA,INTA,PI
FACULDADE IPEMED DE CIÊNCIA MÉDICAS,IPEMED,MG
FACULDADE IPIRANGA,FACIP,PA
FACULDADE ISEIB DE BELO HORIZONTE,FIBH,MG
FACULDADE ISRAELITA DE CIÊNCIAS DA SAÚDE EINSTEIN,FICSAE,SP
FACULDADE ITABIRANA DE DESENVOLVIMENTO DAS CIÊNCIAS E TECNOLOGIAS,FATEC,MG
FACULDADE ITABORAÍ,OMNI,RJ
FACULDADE ITANHAÉM,FAITA,SP
FACULDADE ITEANA DE BOTUCATU,FITB,SP
FACULDADE ITOP,ITOP,TO
FACULDADE JAGUARIAÍVA,FAJAR,PR
FACULDADE JANGADA,FJ,SC
FACULDADE JAPI,JAPI,SP
FACULDADE JESUÍTA DE FILOSOFIA E TEOLOGIA,FAJE,MG
FACULDADE JK - ASA NORTE,CENACAP,DF
FACULDADE JK - BRASÍLIA - UNIDADE PLANO PILOTO,CENACAP,DF
FACULDADE JK - GUARÁ,ESAMC BRASÍLIA,DF
FACULDADE JK SOBRADINHO,FASEP,DF
FACULDADE JOAQUIM NABUCO,FJN,PE
FACULDADE JOSÉ AUGUSTO VIEIRA,FJAV,SE
FACULDADE JOSÉ LACERDA FILHO DE CIÊNCIAS APLICADAS,FAJOLCA,PE
FACULDADE JUVÊNCIO TERRA,FJT,BA
FACULDADE LA SALLE,Unisalle,AM
FACULDADE LIONS,FAC-LIONS,GO
FACULDADE LITERATUS,Fal,AM
FACULDADE LS,FACELS,DF
FACULDADE LUCIANO FEIJÃO,FLF,CE
FACULDADE LUSOBRASILEIRA,FALUB,PE
FACULDADE LUTERANA RUI BARBOSA,FALURB,PR
FACULDADE LUTERANA SÃO MARCOS,FALSM,RS
FACULDADE LÍDER,FAL,PE
FACULDADE MACHADO DE ASSIS,FAMA,RJ
FACULDADE MACHADO SOBRINHO,FMS,MG
FACULDADE MADRE TEREZA,FAMAT,AP
FACULDADE MADRE THAIS,FMT,BA
FACULDADE MARANHENSE SÃO JOSÉ DOS COCAIS,FSJ,MA
FACULDADE MARECHAL RONDON,FMR,SP
FACULDADE MARIA MILZA,FAMAM,BA
FACULDADE MARINGÁ,CESPAR,PR
FACULDADE MARIO SCHENBERG,FMS,SP
FACULDADE MARISTA,FMR,PE
FACULDADE MARTHA FALCÃO,FMF,AM
FACULDADE MATER DEI,FMD,PR
FACULDADE MAURÍCIO DE NASSAU DE CAMPINA GRANDE,FMN CG,PB
FACULDADE MAURÍCIO DE NASSAU DE JOÃO PESSOA,FMN JOÃO PESSOA,PB
FACULDADE MAURÍCIO DE NASSAU DE LAURO FREITAS,FABAC,BA
FACULDADE MAURÍCIO DE NASSAU,UNINASSAU,RN
FACULDADE MAUÁ DE BRASÍLIA,MAUADF,DF
FACULDADE MAX PLANCK,FMP,SP
FACULDADE MERCÚRIO,FAMERC,RJ
FACULDADE MERIDIONAL,IMED,RS
FACULDADE META,Fameta,AC
FACULDADE METODISTA DE CIÊNCIAS HUMANAS E EXATAS,METODISTA,SP
FACULDADE METODISTA DE SANTA MARIA,FAMES,RS
FACULDADE METODISTA GRANBERY,FMG,MG
FACULDADE METROPOLITANA DA AMAZÔNIA,FAMAZ,PA
FACULDADE METROPOLITANA DA GRANDE RECIFE,UNESJ,PE
FACULDADE METROPOLITANA DE CAIEIRAS,FMC,SP
FACULDADE METROPOLITANA DE CAMAÇARI,FAMEC ,BA
FACULDADE METROPOLITANA DE FORTALEZA,Fametro,CE
FACULDADE METROPOLITANA DE GUARAMIRIM,FAMEG,SC
FACULDADE METROPOLITANA DE MANAUS,Fametro,AM
FACULDADE METROPOLITANA DE MARINGÁ,UNIFAMMA,PR
FACULDADE METROPOLITANA DO PLANALTO NORTE,FAMEPLAN,SC
FACULDADE METROPOLITANA LONDRINENSE,FML,PR
FACULDADE METROPOLITANA,UNNESA,RO
FACULDADE MINEIRENSE,FAMA,GO
FACULDADE MODELO,FACIMOD,PR
FACULDADE MOGIANA DO ESTADO DE SÃO PAULO,FAMOESP,SP
FACULDADE MONTEIRO LOBATO,FATO,RS
FACULDADE MONTES BELOS,FMB,GO
FACULDADE MONTESSORIANO DE SALVADOR,FAMA,BA
FACULDADE MORAES JÚNIOR - MACKENZIE RIO,FMJ - MACKENZIE RIO,RJ
FACULDADE MORUMBI SUL,FMS,SP
FACULDADE MOZARTEUM DE SÃO PAULO,FAMOSP,SP
FACULDADE MUNICIPAL DE PALHOÇA,FMP,SC
FACULDADE MUNICIPAL PROFESSOR FRANCO MONTORO DE MOGI GUAÇU,FMPFM,SP
FACULDADE MURIALDO,FAMUR,RS
FACULDADE MÉTODO DE SÃO PAULO,FAMESP,SP
FACULDADE NACIONAL,FINAC,ES
FACULDADE NATALENSE DE ENSINO E CULTURA,Fanec,RN
FACULDADE NATALENSE PARA O DESENVOLVIMENTO DO RIO GRANDE DO NORTE,FARN,RN
FACULDADE NETWORK,NWK,SP
FACULDADE NOBRE DE FEIRA DE SANTANA,FAN,BA
FACULDADE NOROESTE,FAN,GO
FACULDADE NORTE CAPIXABA DE SAO MATEUS,MULTIVIX SÃO MATEUS,ES
FACULDADE NORTE PARANAENSE,UNINORTE,PR
FACULDADE NOSSA CIDADE,FNC,SP
FACULDADE NOSSA SENHORA APARECIDA,FANAP,GO
FACULDADE NOSSA SENHORA DE FÁTIMA,FACULDADE FÁTIMA,RS
FACULDADE NOVA ROMA,FGV,PE
FACULDADE NOVAUNESC,NOVAUNESC,PI
FACULDADE NOVO HAMBURGO,FACULDADE IENH,RS
FACULDADE NOVO MILÊNIO,FNM,ES
FACULDADE OBOÉ - FACO,FACO,CE
FACULDADE ORÍGENES LESSA,FACOL,SP
FACULDADE PADRE ANCHIETA DE VÁRZEA PAULISTA,ANCHIETA,SP
FACULDADE PADRE JOÃO BAGOZZI,FACULDADE BAGOZZI,PR
FACULDADE PADRÃO,FP,GO
FACULDADE PALOTINA,FAPAS,RS
FACULDADE PAN AMAZÔNICA,FAPAN,PA
FACULDADE PANAMERICANA DE JIPARANÁ,UNIJIPA,RO
FACULDADE PARA O DESENVOLVIMENTO DE PERNAMBUCO,FADEPE,PE
FACULDADE PARAENSE DE ENSINO,FAPEN,PA
FACULDADE PARANAPANEMA,FP,PR
FACULDADE PARAÍBANA,FAP,PB
FACULDADE PARAÍSO DO CEARÁ,Fap,CE
FACULDADE PARQUE,FAP,BA
FACULDADE PAULISTA DE ARTES,FPA,SP
FACULDADE PAULISTA DE EDUCAÇÃO E COMUNICAÇÃO,FAPEC,SP
FACULDADE PAULISTA DE SERVIÇO SOCIAL,FAPSS-SP.,SP
FACULDADE PAULUS DE COMUNICAÇÃO E TECNOLOGIA,FAPCOM,SP
FACULDADE PEDRO LEOPOLDO,FPL,MG
FACULDADE PENSAR,FP,BA
FACULDADE PERNAMBUCANA,Fape,PE
FACULDADE PERUIBE,FPBE,SP
FACULDADE PHÊNIX DE CIÊNCIAS HUMANAS E SOCIAIS DO BRASIL,PHENIX,GO
FACULDADE PIAGET,FACPIAGET,SP
FACULDADE PIAUIENSE DE PROCESSAMENTO DE DADOS,FPPD,PI
FACULDADE PIAUIENSE,FAP,PI
FACULDADE PINHALZINHO,HORUS,SC
FACULDADE PINHEIRO GUIMARÃES,FAPG,RJ
FACULDADE PIO DÉCIMO,PIODECIMO,SE
FACULDADE PITÁGORAS DE ADMINISTRAÇÃO SUPERIOR,FPAS,MG
FACULDADE PITÁGORAS DE BELO HORIZONTE,FPAS,MG
FACULDADE PITÁGORAS DE BETIM,PITÁGORAS-BETIM,MG
FACULDADE PITÁGORAS DE DIVINÓPOLIS - FPD,FPD,MG
FACULDADE PITÁGORAS DE IMPERATRIZ,FAMA,MA
FACULDADE PITÁGORAS DE IPATINGA,FPI,MG
FACULDADE PITÁGORAS DE JUNDIAÍ,PIT JUNDIAÍ,SP
FACULDADE PITÁGORAS DE TEIXEIRA DE FREITAS,PIT TEIXEIRA,BA
FACULDADE POLITEC,FAP,SP
FACULDADE POLITÉCNICA DE CAMPINAS,POLICAMP,SP
FACULDADE POLITÉCNICA DE UBERLÂNDIA,FPU,MG
FACULDADE PORTO ALGRENSE,FAPA,RS
FACULDADE PORTO DAS ÁGUAS,FAPAG,SC
FACULDADE PRESBITERIANA GAMMON,FAGAMMON,MG
FACULDADE PRESIDENTE ANTÔNIO CARLOS DE AIMORÉS,FUNEC Aimorés,MG
FACULDADE PRESIDENTE ANTÔNIO CARLOS DE BOM DESPACHO,FAPACBD,MG
FACULDADE PRESIDENTE ANTÔNIO CARLOS DE GOVERNADOR VALADARES,FAU G. Valadares,MG
FACULDADE PRESIDENTE ANTÔNIO CARLOS DE RIBEIRÃO DAS NEVES,FUNEES R. das Neves,MG
FACULDADE PRESIDENTE ANTÔNIO CARLOS DE VÁRZEA DA PALMA,FEES Várzea da Palma,MG
FACULDADE PRINCESA DO OESTE,FPO,CE
FACULDADE PROCESSUS,PFD,DF
FACULDADE PROFESSOR MIGUEL ÂNGELO DA SILVA SANTOS,FEMASS,RJ
FACULDADE PROJEÇÃO DE CEILÂNDIA,FACEB,DF
FACULDADE PROJEÇÃO,FAPRO,DF
FACULDADE PROMOVE DE JANAÚBA,ISEJAN,MG
FACULDADE PROMOVE DE MINAS GERAIS,FPMG,MG
FACULDADE PROMOVE DE SETE LAGOAS,FSLMG,MG
FACULDADE QUIRINÓPOLIS,FAQUI,GO
FACULDADE RAIMUNDO MARINHO,FRM,AL
FACULDADE RANCHARIENSE,FRAN,SP
FACULDADE RAÍZES,SER,GO
FACULDADE REDENTOR,FACREDENTOR,RJ
FACULDADE REGES DE DRACENA,FCGD,SP
FACULDADE REGIONAL DA BAHIA,FARB,BA
FACULDADE REGIONAL DE ALAGOINHAS,FARAL,BA
FACULDADE REGIONAL PALMITOS,FAP,SC
FACULDADE REUNIDA,FAR,SP
FACULDADE RIO BRANCO,FARB,AC
FACULDADE RORAIMENSE DE ENSINO SUPERIOR,FARES,RR
FACULDADE RUY BARBOSA,FRB,BA
FACULDADE SABERES,SABERES,ES
FACULDADE SALESIANA DE SANTA TERESA,FSST,MS
FACULDADE SALESIANA DO NORDESTE,FASNE,PE
FACULDADE SALESIANA DOM BOSCO,FSDB,AM
FACULDADE SALESIANA MARIA AUXILIADORA,FSMA,RJ
FACULDADE SANT'ANA,IESSA,PR
FACULDADE SANTA AMÉLIA,SECAL,PR
FACULDADE SANTA CATARINA,FASC,PE
FACULDADE SANTA CRUZ,FACRUZ,PE
FACULDADE SANTA EMÍLIA DE RODAT,FASER,PB
FACULDADE SANTA FÉ,CESSF,MA
FACULDADE SANTA HELENA,FASH,PE
FACULDADE SANTA IZILDINHA,FIESI,SP
FACULDADE SANTA LÚCIA,FCACSL,SP
FACULDADE SANTA MARCELINA,FASM,SP
FACULDADE SANTA MARIA,FSM,PE
FACULDADE SANTA RITA DE CÁSSIA,UNIFASC,GO
FACULDADE SANTA RITA,FASAR,SP
FACULDADE SANTA TEREZINHA,CEST,MA
FACULDADE SANTA TEREZINHA,FEST,MA
FACULDADE SANTO AGOSTINHO,FSA,PI
FACULDADE SANTO ANTONIO,FSA,BA
FACULDADE SANTO ANTÔNIO DE PÁDUA,FASAP,RJ
FACULDADE SANTO AUGUSTO,FAISA,RS
FACULDADE SANT´ANNA DE SALTO,FASAS,SP
FACULDADE SANTÍSSIMO SACRAMENTO,FSSS,BA
FACULDADE SATC,FASATC,SC
FACULDADE SEAMA,SEAMA,AP
FACULDADE SENAC MINAS,FSM,MG
FACULDADE SENAC PERNAMBUCO,SENAC,PE
FACULDADE SENAC PORTO ALEGRE - FSPOA,SENAC/RS,RS
FACULDADE SENAI-CETIQT,SENAI-CETIQT,RJ
FACULDADE SERGIPANA,FASER,SE
FACULDADE SERIGY,FASERGY,SE
FACULDADE SERRA DO CARMO,FASEC,TO
FACULDADE SERRANA,FASEP,DF
FACULDADE SINERGIA,SINERGIA,SC
FACULDADE SINOP,FASIP,MT
FACULDADE SOCIAL DA BAHIA,FSBA,BA
FACULDADE SOCIESC DE CURITIBA,SOCIESC,PR
FACULDADE SOCIESC,UNICA,SC
FACULDADE SUDAMÉRICA,SUDAMÉRICA,MG
FACULDADE SUDOESTE PAULISTA,FSP,SP
FACULDADE SUL BRASIL,FASUL,PR
FACULDADE SUL FLUMINENSE,FASF,RJ
FACULDADE SULAMERICANA,FASAM,GO
FACULDADE SUMARÉ,ISES,SP
FACULDADE SÃO BENTO DA BAHIA,FSBB,BA
FACULDADE SÃO CAMILO,FSC SALVADOR,BA
FACULDADE SÃO FRANCISCO DA PARAÍBA,FASP,PB
FACULDADE SÃO FRANCISCO DE ASSIS,UNIFIN,RS
FACULDADE SÃO FRANCISCO DE BARREIRAS - FASB,FASB,BA
FACULDADE SÃO FRANCISCO DE PIUMHI,FASPI,MG
FACULDADE SÃO GABRIEL,FSG,PI
FACULDADE SÃO GERALDO,FSG,ES
FACULDADE SÃO JOSÉ,FSJ,RJ
FACULDADE SÃO JUDAS TADEU,FSJT,RJ
FACULDADE SÃO LUCAS,FSL,RO
FACULDADE SÃO LUIS DE FRANÇA,FSLF,SE
FACULDADE SÃO LUÍS,FSL,MA
FACULDADE SÃO MARCOS,FASAMAR,TO
FACULDADE SÃO MIGUEL,FSM,PE
FACULDADE SÃO SALVADOR,FSSAL ,BA
FACULDADE SÃO SEBASTIÃO,FASS,SP
FACULDADE SÃO TOMAZ DE AQUINO,FSTA,BA
FACULDADE TAMANDARÉ,FAT,GO
FACULDADE TECSOMA,FATEC,MG
FACULDADE TIJUCUSSU,TIJUCUSSU,SP
FACULDADE TOBIAS BARRETO,FTB,SE
FACULDADE TRIÂNGULO MINEIRO,FTM,MG
FACULDADE TRÊS DE MAIO,SETREM,RS
FACULDADE TRÊS PONTAS,FATEP,MG
FACULDADE TÁHIRIH,FT,AM
FACULDADE UBAENSE OZANAM COELHO,FAGOC,MG
FACULDADE UBERLANDENSE DE NÚCLEOS INTEGRADOS DE ENSINO SERVIÇO SOCIAL E APRENDIZAGEM,FAESSA,MG
FACULDADE UBS,FACULDADE UBS,SP
FACULDADE UNA DE CONTAGEM,FUNAC,MG
FACULDADE UNIDA DE CAMPINAS,FACUNICAMPS,GO
FACULDADE UNIDA DE SUZANO,UNISUZ,SP
FACULDADE UNIGRAN CAPITAL,UNIGRAN CAPITAL,MS
FACULDADE UNILAGOS,UNILAGOS,PR
FACULDADE UNIME DE CIÊNCIAS EXATAS E TECNOLÓGICAS,FCT,BA
FACULDADE UNIME DE CIÊNCIAS SOCIAIS,FCS,BA
FACULDADE UNISSA DE SARANDI,UNISSA,PR
FACULDADE UNIÃO ARARUAMA DE ENSINO S/S LTDA.,FAC-UNILAGOS,RJ
FACULDADE UNIÃO BANDEIRANTE,FUBSJ,SC
FACULDADE UNIÃO DE CAMPO MOURÃO,UNICAMPO,PR
FACULDADE UNIÃO DE GOYAZES,FUG,GO
FACULDADE VALE DO CRICARÉ,F.V.C.,ES
FACULDADE VALE DO GORUTUBA,FAVAG,MG
FACULDADE VALE DO JAGUARIBE,FVJ,CE
FACULDADE VALE DO SALGADO,FVS,CE
FACULDADE VASCO DA GAMA,FVG,BA
FACULDADE VENDA NOVA DO IMIGRANTE,FAVENI,ES
FACULDADE VICENTINA - FAVI,FAVI,PR
FACULDADE VICTOR HUGO,FVH,MG
FACULDADE VISCONDE DE CAIRÚ,FAVIV ,BA
FACULDADE VITORIANA DE TECNOLOGIA,FAVI,ES
FACULDADE VIZINHANÇA VALE DO IGUAÇU,VIZIVALI,PR
FACULDADE VÉRTICE,VÉRTICE,MG
FACULDADE XV DE AGOSTO,FAQ,SP
FACULDADE ZACARIAS DE GÓES,FAZAG,BA
FACULDADE ZUMBI DOS PALMARES,FAZP,SP
FACULDADE ÁREA 1,ÁREA 1,BA
FACULDADE ÚNICA DE IPATINGA,FUNIP,MG
FACULDADE ÚNICA DE TIMÓTEO,FUNIT,MG
FACULDADES ADAMANTINENSES INTEGRADAS,FAI,SP
FACULDADES ASSOCIADAS DE ARIQUEMES,FAAR,RO
FACULDADES ASSOCIADAS DE UBERABA,FAZU,MG
FACULDADES ATIBAIA,FAAT,SP
FACULDADES CATHEDRAL BARRA DO GARÇAS,CATHEDRAL,MT
FACULDADES CATHEDRAL,CATHEDRAL,RR
FACULDADES CEARENSES,Fac,CE
FACULDADES DA FUNDAÇÃO DE ENSINO DE MOCOCA,FAFEM,SP
FACULDADES DE CAMPINAS,FACAMP,SP
FACULDADES DE PINHAIS,FAPI,PR
FACULDADES DO CENTRO DO PARANÁ,UCP,PR
FACULDADES EST,EST,RS
FACULDADES FUTURÃO,CENTEFF,SC
FACULDADES INTEGRADAS ADVENTISTAS DE MINAS GERAIS,FADMINAS,MG
FACULDADES INTEGRADAS ANTÔNIO EUFRÁSIO DE TOLEDO DE PRESIDENTE PRUDENTE,FIAETPP,SP
FACULDADES INTEGRADAS APARÍCIO CARVALHO,FIMCA,RO
FACULDADES INTEGRADAS ASSOCIAÇÃO DE ENSINO DE SANTA CATARINA,FASSESC,SC
FACULDADES INTEGRADAS BARROS MELO,AESO,PE
FACULDADES INTEGRADAS CAMPO-GRANDENSES,FIC,RJ
FACULDADES INTEGRADAS CAMPOS SALLES,FICS,SP
FACULDADES INTEGRADAS CLARETIANAS,FIC,SP
FACULDADES INTEGRADAS CORAÇÃO DE JESUS,FAINC,SP
FACULDADES INTEGRADAS DA TERRA DE BRASÍLIA,FTB,DF
FACULDADES INTEGRADAS DA UNIÃO DE ENSINO SUPERIOR CERTO,UNICERTO,DF
FACULDADES INTEGRADAS DA UNIÃO EDUCACIONAL DO PLANALTO CENTRAL - FACIPLAC,FACIPLAC,DF
FACULDADES INTEGRADAS DA VITÓRIA DE SANTO ANTÃO,FAINTVISA,PE
FACULDADES INTEGRADAS DE ARIQUEMES,FIAR,RO
FACULDADES INTEGRADAS DE BOTUCATU,UNIFAC,SP
FACULDADES INTEGRADAS DE CACOAL,UNESC,RO
FACULDADES INTEGRADAS DE CARATINGA,FIC,MG
FACULDADES INTEGRADAS DE CIÊNCIAS HUMANAS SAÚDE E EDUCAÇÃO DE GUARULHOS,FG,SP
FACULDADES INTEGRADAS DE DIAMANTINO,FID,MT
FACULDADES INTEGRADAS DE FERNANDÓPOLIS,FIFE,SP
FACULDADES INTEGRADAS DE ITARARÉ,FAFIT-FACIC,SP
FACULDADES INTEGRADAS DE JACAREPAGUÁ,FIJ,RJ
FACULDADES INTEGRADAS DE NAVIRAÍ,FINAV,MS
FACULDADES INTEGRADAS DE OURINHOS,FIO,SP
FACULDADES INTEGRADAS DE PATOS,FIP,PB
FACULDADES INTEGRADAS DE RIBEIRÃO PIRES,FIRP,SP
FACULDADES INTEGRADAS DE RONDONÓPOLIS,FAIR,MT
FACULDADES INTEGRADAS DE SANTA FÉ DO SUL,FUNEC,SP
FACULDADES INTEGRADAS DE SÃO CARLOS,FADISC,SP
FACULDADES INTEGRADAS DE TANGARÁ DA SERRA,FITS,MT
FACULDADES INTEGRADAS DE TAQUARA,FACCAT,RS
FACULDADES INTEGRADAS DE TRÊS LAGOAS,AEMS,MS
FACULDADES INTEGRADAS DE VITÓRIA,FDV,ES
FACULDADES INTEGRADAS DE VÁRZEA GRANDE,FIAVEC,MT
FACULDADES INTEGRADAS DESEMBARGADOR SÁVIO BRANDÃO,FAUSB,MT
FACULDADES INTEGRADAS DO BRASIL,FACBRASIL,PR
FACULDADES INTEGRADAS DO EXTREMO SUL DA BAHIA,UNESULBAHIA,BA
FACULDADES INTEGRADAS DO OESTE DE MINAS,FADOM,MG
FACULDADES INTEGRADAS DO TAPAJÓS,FIT,PA
FACULDADES INTEGRADAS DO VALE DO RIBEIRA,FIVR,SP
FACULDADES INTEGRADAS DOM PEDRO II,DOMPEDRO,SP
FACULDADES INTEGRADAS DOS CAMPOS GERAIS,CESCAGE,PR
FACULDADES INTEGRADAS EINSTEIN DE LIMEIRA,FIEL,SP
FACULDADES INTEGRADAS ESPÍRITA,FIES,PR
FACULDADES INTEGRADAS ESPÍRITOSANTENSE,FAESA,ES
FACULDADES INTEGRADAS HÉLIO ALONSO,FACHA,RJ
FACULDADES INTEGRADAS INTERAMERICANAS,FAITER,SP
FACULDADES INTEGRADAS IPIRANGA,FAINTIPI,PA
FACULDADES INTEGRADAS IPITANGA,UNIBAHIA,BA
FACULDADES INTEGRADAS MARIA IMACULADA,FIMI,SP
FACULDADES INTEGRADAS MARIA THEREZA,FAMATH,RJ
FACULDADES INTEGRADAS MATO-GROSSENSES DE CIÊNCIAS SOCIAIS E HUMANAS,ICE,MT
FACULDADES INTEGRADAS OLGA METTIG,FAMETTIG,BA
FACULDADES INTEGRADAS PADRE ALBINO,FIPA,SP
FACULDADES INTEGRADAS PITÁGORAS,FIP-MOC,MG
FACULDADES INTEGRADAS REGIONAIS DE AVARÉ,FIRA,SP
FACULDADES INTEGRADAS RIO BRANCO,FIRB,SP
FACULDADES INTEGRADAS RIO BRANCO,FRB,SP
FACULDADES INTEGRADAS RUI BARBOSA,FIRB,SP
FACULDADES INTEGRADAS SANTA CRUZ DE CURITIBA,FARESC,PR
FACULDADES INTEGRADAS SOARES DE OLIVEIRA,FISO,SP
FACULDADES INTEGRADAS STELLA MARIS DE ANDRADINA,FISMA,SP
FACULDADES INTEGRADAS SÉVIGNÉ,FAE SÉVIGNÉ,RS
FACULDADES INTEGRADAS TERESA D´ÁVILA,FATEA,SP
FACULDADES INTEGRADAS URUBUPUNGÁ,FIU,SP
FACULDADES INTEGRADAS VIANNA JÚNIOR,FIVJ,MG
FACULDADES INTEGRADAS,UPIS,DF
FACULDADES ITECNE DE CASCAVEL,ITECNE,PR
FACULDADES MAGSUL,FAMAG,MS
FACULDADES MILTON CAMPOS,FMC,MG
FACULDADES NORDESTE,Fanor,CE
FACULDADES OSWALDO CRUZ,FOC,SP
FACULDADES PEQUENO PRÍNCIPE,FPP,PR
FACULDADES SANTO AGOSTINHO,FSA,MG
FACULDADES SPEI,FACSPEI,PR
FACULDADES UNIDAS DE PESQUISA CIÊNCIAS E SAÚDE LTDA,FAPEC,BA
FACULDADES UNIDAS DO NORTE DE MINAS,Funorte,RO
FACULDADES UNIDAS DO VALE DO ARAGUAIA,UNIVAR,MT
FACULDADES UNIFICADAS DE CATAGUASES,FUC,MG
FACULDADES UNIFICADAS DE FOZ DO IGUAÇU,UNIFOZ,PR
FACULDADES UNIFICADAS DE GUARAPARI,FUG,ES
FACULDADES UNIFICADAS DE IÚNA,FUI,ES
FACULDADES UNIFICADAS DE TEÓFILO OTONI,FUTO,MG
FACULDADES VALE DO CARANGOLA,FAVALEUEMG,MG
FAE CENTRO UNIVERSITÁRIO,FAE,PR
FAJOPA - FACULDADE JOÃO PAULO II,FAJOPA,SP
FEFISA - FACULDADES INTEGRADAS DE SANTO ANDRÉ,FEFISA,SP
FUNDAÇÃO ARMANDO ÁLVARES PENTEADO,FAAP,SP
FUNDAÇÃO ASSIS GURGACZ,FAG,PR
FUNDAÇÃO COMUNITÁRIA DE ENSINO SUPERIOR DE ITABIRA,FUNCESI,MG
FUNDAÇÃO CÁSPER LÍBERO,FCL,SP
FUNDAÇÃO DE ENSINO SUPERIOR DE CLEVELÂNDIA,FESC,PR
FUNDAÇÃO DE ENSINO SUPERIOR DE PASSOS,FESP,MG
FUNDAÇÃO EDUCACIONAL ARAÇATUBA,FEA,SP
FUNDAÇÃO EDUCACIONAL DE DIVINÓPOLIS,FUNEDI,MG
FUNDAÇÃO ESCOLA DE COMÉRCIO ÁLVARES PENTEADO,FECAP,SP
FUNDAÇÃO ESCOLA DE SOCIOLOGIA E POLÍTICA DE SÃO PAULO,FESPSP,SP
FUNDAÇÃO GETÚLIO VARGAS,FGV,RJ
FUNDAÇÃO GETÚLIO VARGAS,FGV,SP
FUNDAÇÃO INSTITUTO CAPIXABA DE PESQUISAS EM CONTABILIDADE ECONOMIA E FINANÇAS,FUCAPE,ES
FUNDAÇÃO INSTITUTO TECNOLÓGICO DE OSASCO,FITO,SP
FUNDAÇÃO JOÃO PINHEIRO,FJP,MG
FUNDAÇÃO MINEIRA DE EDUCAÇÃO E CULTURA,FUMEC,MG
FUNDAÇÃO TÉCNICO EDUCACIONAL SOUZA MARQUES,FTESM,RJ
FUNDAÇÃO UNIVERSIDADE DO TOCANTINS,UNITINS,TO
FUNDAÇÃO UNIVERSIDADE FEDERAL DO VALE DO SÃO FRANCISCO,UNIVASF,BA
FUNDAÇÃO UNIVERSIDADE FEDERAL DO VALE DO SÃO FRANCISCO,UNIVASF,PE
FUNDAÇÃO UNIVERSIDADE REGIONAL DE BLUMENAU,FURB,SC
GRUPO EDUCACIONAL UNINTER,UNINTER,PR
INSTITUIÇÃO DE ENSINO SUPERIOR DO ACRE,Iesacre,AC
INSTITUIÇÃO DE ENSINO SÃO FRANCISCO,IESF,SP
INSTITUIÇÃO TOLEDO DE ENSINO,ITE,SP
INSTITUTO ADVENTISTA CRUZEIRO DO SUL,IACS,RS
INSTITUTO ADVENTISTA DE ENSINO DE SANTA CATARINA,IAESC,SC
INSTITUTO BAIANO DE ENSINO SUPERIOR,IBES,BA
INSTITUTO BELO HORIZONTE DE ENSINO SUPERIOR,IBHES,MG
INSTITUTO BRASILEIRO DE MERCADO DE CAPITAIS,IBMEC,RJ
INSTITUTO CAMILLO FILHO,ICF,PI
INSTITUTO CENECISTA DE ENSINO SUPERIOR DE SANTO ÂNGELO,IESA,RS
INSTITUTO CIENTÍFICO DE ENSINO SUPERIOR E PESQUISA,Unicesp,DF
INSTITUTO CUIABÁ DE ENSINO E CULTURA,ICEC,MT
INSTITUTO DE CIÊNCIAS BIOLÓGICAS,ICB,PE
INSTITUTO DE CIÊNCIAS DA SAÚDE,ICS,MG
INSTITUTO DE CIÊNCIAS EXATAS,UNEB,DF
INSTITUTO DE CIÊNCIAS JURÍDICAS E SOCIAIS PROFESSOR CAMILLO FILHO,ICF,PI
INSTITUTO DE CIÊNCIAS SOCIAIS APLICADAS,UNEB,DF
INSTITUTO DE CIÊNCIAS SOCIAIS E HUMANAS,ICSH,GO
INSTITUTO DE EDUCAÇÃO CENECISTA MARQUÊS DE HERVAL,MARQUÊS,RS
INSTITUTO DE EDUCAÇÃO E ENSINO SUPERIOR DE CAMPINAS,IESCAMP,SP
INSTITUTO DE EDUCAÇÃO SUPERIOR DA PARAÍBA,IESP,PB
INSTITUTO DE EDUCAÇÃO SUPERIOR DE BOITUVA,FIB,SP
INSTITUTO DE EDUCAÇÃO SUPERIOR DE BRASÍLIA,IESB,DF
INSTITUTO DE EDUCAÇÃO SUPERIOR DE PATROCÍNIO,IESP,MG
INSTITUTO DE EDUCAÇÃO SUPERIOR RAIMUNDO SÁ,IESRSA,PI
INSTITUTO DE EDUCAÇÃO SUPERIOR UNYAHNA DE SALVADOR,IESUS,BA
INSTITUTO DE ENSINO E PESQUISA OBJETIVO,IEPO,TO
INSTITUTO DE ENSINO E PESQUISA,Insper,SP
INSTITUTO DE ENSINO SUPERIOR CENECISTA,INESC,MG
INSTITUTO DE ENSINO SUPERIOR DA FUPESP,IESF,SP
INSTITUTO DE ENSINO SUPERIOR DA GRANDE FLORIANÓPOLIS,IESGF,SC
INSTITUTO DE ENSINO SUPERIOR DE LONDRINA - INESUL,INESUL,PR
INSTITUTO DE ENSINO SUPERIOR DE OLINDA,IESO,PE
INSTITUTO DE ENSINO SUPERIOR DE PIEDADE,IESP,PE
INSTITUTO DE ENSINO SUPERIOR DE RIO VERDE,IESRIVER,GO
INSTITUTO DE ENSINO SUPERIOR DE RONDÔNIA,IESUR,RO
INSTITUTO DE ENSINO SUPERIOR DO RIO GRANDE DO NORTE,IESRN,RN
INSTITUTO DE ENSINO SUPERIOR DO SUL DO MARANHÃO,IESMA,MA
INSTITUTO DE ENSINO SUPERIOR E FORMAÇÃO AVANÇADA DE VITÓRIA,FAVI,ES
INSTITUTO DE ENSINO SUPERIOR FUCAPI,Cesf,AM
INSTITUTO DE ENSINO SUPERIOR INTEGRADO-IESI,FENORD,MG
INSTITUTO DE ENSINO SUPERIOR JOÃO ALFREDO DE ANDRADE,IJAA,MG
INSTITUTO DE ENSINO SUPERIOR PRESIDENTE TANCREDO NEVES,IPTAN,MG
INSTITUTO DE ENSINO SUPERIOR SANTO ANTÔNIO,INESA,SC
INSTITUTO DE ENSINOS SUPERIORES DA AMAZÔNIA,IESAM,PA
INSTITUTO DE FILOSOFIA E TEOLOGIA DE GOIÁS,IFITEG,GO
INSTITUTO DE MATEMATICA E ESTATISCICA,IME-USP,SP
INSTITUTO DE PÓSGRADUAÇÃO,IPOG,GO
INSTITUTO DE PÓSGRADUAÇÃO,IPOG,RN
INSTITUTO EDUCACIONAL DE CASTRO,INEC,PR
INSTITUTO EDUCACIONAL VITÓRIA,INEVI,PE
INSTITUTO FEDERAL BAIANO,IF Baiano,BA
INSTITUTO FEDERAL CATARINENSE,IFC,SC
INSTITUTO FEDERAL DA BAHIA,IFBA,BA
INSTITUTO FEDERAL DA PARAÍBA,IFPB,PB
INSTITUTO FEDERAL DE ALAGOAS,Ifal,AL
INSTITUTO FEDERAL DE BRASÍLIA,IFB,DF
INSTITUTO FEDERAL DE EDUCAÇÃO CIÊNCIA E TECNOLOGIA DE SÃO PAULO,IFSP,SP
INSTITUTO FEDERAL DE EDUCAÇÃO CIÊNCIA E TECNOLOGIA DO NORTE DE MINAS GERAIS,IFNMG,MG
INSTITUTO FEDERAL DE EDUCAÇÃO CIÊNCIA E TECNOLOGIA SUL-RIO-GRANDENSE,IFSul,RS
INSTITUTO FEDERAL DE GOIÁS,IFG,GO
INSTITUTO FEDERAL DE MATO GROSSO DO SUL,IFMS,MS
INSTITUTO FEDERAL DE MINAS GERAIS,IFMG,MG
INSTITUTO FEDERAL DE PERNAMBUCO,IFPE,PE
INSTITUTO FEDERAL DE RONDÔNIA,IFRO,RO
INSTITUTO FEDERAL DE RORAIMA,IFRR,RR
INSTITUTO FEDERAL DE SANTA CATARINA,IFSC,SC
INSTITUTO FEDERAL DE SERGIPE,IFS,SE
INSTITUTO FEDERAL DO ACRE,IFAC,AC
INSTITUTO FEDERAL DO AMAPÁ,Ifap,AP
INSTITUTO FEDERAL DO AMAZONAS,Ifam,AM
INSTITUTO FEDERAL DO CEARÁ,Ifce,CE
INSTITUTO FEDERAL DO ESPÍRITO SANTO,IFES,ES
INSTITUTO FEDERAL DO MARANHÃO,IFMA,MA
INSTITUTO FEDERAL DO MATO GROSSO,IFMT,MT
INSTITUTO FEDERAL DO NORTE DE MINAS,IFNM,MG
INSTITUTO FEDERAL DO PARÁ,IFPA,PA
INSTITUTO FEDERAL DO PIAUÍ,IFPI,PI
INSTITUTO FEDERAL DO RIO DE JANEIRO,IFRJ,RJ
INSTITUTO FEDERAL DO RIO GRANDE DO NORTE,IFRN,RN
INSTITUTO FEDERAL DO RIO GRANDE DO SUL,IFRS,RS
INSTITUTO FEDERAL DO SERTÃO PERNAMBUCANO,IFSertãoPE,PE
INSTITUTO FEDERAL DO SUDESTE DE MINAS,IFSM,MG
INSTITUTO FEDERAL DO SUL DE MINAS,IFSUM,MG
INSTITUTO FEDERAL DO TOCANTINS,IFTO,TO
INSTITUTO FEDERAL DO TRIÂNGULO MINEIRO,IFTM,MG
INSTITUTO FEDERAL FARROUPILHA,IFFarroupilha,RS
INSTITUTO FEDERAL FLUMINENSE,IFF,RJ
INSTITUTO FEDERAL GOIANO,IF Goiano,GO
INSTITUTO FLORENCE DE ENSINO SUPERIOR,IFES,MA
INSTITUTO INFNET RIO DE JANEIRO,INFNET,RJ
INSTITUTO INFNET,INFNET,RJ
INSTITUTO ITAPETININGANO DE ENSINO SUPERIOR,IIES,SP
INSTITUTO JORDÃO DE ARRUDA,INSJAR,GO
INSTITUTO LUTERANO DE ENSINO SUPERIOR DE PORTO VELHO,ILES/ULBRA,RO
INSTITUTO MANCHESTER PAULISTA DE ENSINO SUPERIOR,IMAPES,SP
INSTITUTO MATONENSE MUNICIPAL DE ENSINO SUPERIOR,IMMES,SP
INSTITUTO MAUÁ DE TECNOLOGIA,IMT,SP
INSTITUTO MAUÁ DE TECNOLOGIA,IMT,SP
INSTITUTO METODISTA BENNETT,BENNETT,RJ
INSTITUTO METROPOLITANO DE ENSINO SUPERIOR,IMES,MG
INSTITUTO MILITAR DE ENGENHARIA,IME,RJ
INSTITUTO MUNICIPAL DE ENSINO SUPERIOR DE ASSIS,IMESA,SP
INSTITUTO MUNICIPAL DE ENSINO SUPERIOR DE BEBEDOURO VICTÓRIO CARDASSI,IMESB,SP
INSTITUTO MUNICIPAL DE ENSINO SUPERIOR DE CATANDUVA,IMES Catanduva,SP
INSTITUTO MUNICIPAL DE ENSINO SUPERIOR DE SÃO MANUEL,IMESSM,SP
INSTITUTO NACIONAL DE EDUCAÇÃO DE SURDOS,INES,RJ
INSTITUTO NACIONAL DE ENSINO SUPERIOR E PÓS-GRADUAÇÃO PADRE GERVÁSIO,INAPÓS,MG
INSTITUTO NACIONAL DE TELECOMUNICAÇÕES,INATEL,MG
INSTITUTO PARAIBANO DE ENSINO RENOVADO,INPER,PB
INSTITUTO PAULISTA DE ENSINO,FIPEN,SP
INSTITUTO PERNAMBUCANO DE ENSINO SUPERIOR,IPESU,PE
INSTITUTO PERNAMBUCO DE ENSINO E CULTURA,IPEC,PE
INSTITUTO SALESIANO DE FILOSOFIA,INSAF,PE
INSTITUTO SANTO TOMÁS DE AQUINO,ISTA,MG
INSTITUTO SUPERIOR DE CIÊNCIAS APLICADAS - ISCA,ISCA,SP
INSTITUTO SUPERIOR DE CIÊNCIAS HUMANAS E SOCIAIS ANÍSIO TEIXEIRA,ISAT,RJ
INSTITUTO SUPERIOR DE EDUCAÇÃO ALBERT EINSTEIN,ISALBE,DF
INSTITUTO SUPERIOR DE EDUCAÇÃO ALMEIDA RODRIGUES,ISEAR,GO
INSTITUTO SUPERIOR DE EDUCAÇÃO ALVORADA PLUS,ISEAP,SP
INSTITUTO SUPERIOR DE EDUCAÇÃO ANCHIETA,ISEA,PE
INSTITUTO SUPERIOR DE EDUCAÇÃO ANTONINO FREIRE,ISEAF,PI
INSTITUTO SUPERIOR DE EDUCAÇÃO DE CAMPOS GERAIS,ISEC,MG
INSTITUTO SUPERIOR DE EDUCAÇÃO DE FLORESTA,ISEF,PE
INSTITUTO SUPERIOR DE EDUCAÇÃO DE GOIANA,ISEG,PE
INSTITUTO SUPERIOR DE EDUCAÇÃO DE PESQUEIRA,ISEP,PE
INSTITUTO SUPERIOR DE EDUCAÇÃO DE SALGUEIRO,ISES,PE
INSTITUTO SUPERIOR DE EDUCAÇÃO DE SÃO PAULO,SINGULARIDADES/ISESP,SP
INSTITUTO SUPERIOR DE EDUCAÇÃO DO CENTRO EDUCACIONAL NOSSA SENHORA AUXILIADORA,ISECENSA,RJ
INSTITUTO SUPERIOR DE EDUCAÇÃO DO MUNICÍPIO DE ITAPERUNA,ISEMI,RJ
INSTITUTO SUPERIOR DE EDUCAÇÃO DO SERTÃO DO PAJEÚ,ISESP,PE
INSTITUTO SUPERIOR DE EDUCAÇÃO DO VALE DO JURUENA,AJES,MT
INSTITUTO SUPERIOR DE EDUCAÇÃO ELVIRA DAYRELL,ISEED,MG
INSTITUTO SUPERIOR DE EDUCAÇÃO FRANCISCANO NOSSA SENHORA DE FÁTIMA,FATIMA,DF
INSTITUTO SUPERIOR DE EDUCAÇÃO ORÍGENES LESSA,ISEOL,SP
INSTITUTO SUPERIOR DE EDUCAÇÃO PAULO MARTINS,ISPAM,DF
INSTITUTO SUPERIOR DE EDUCAÇÃO PROFESSOR ALDO MUYLAERT,ISEPAM,RJ
INSTITUTO SUPERIOR DE EDUCAÇÃO PROFESSORA NAIR FORTES ABU-MERHY,ISEFOR,MG
INSTITUTO SUPERIOR DE EDUCAÇÃO SANTA CRUZ,ISED,PE
INSTITUTO SUPERIOR DE EDUCAÇÃO SÃO JUDAS TADEU,ISESJT,PI
INSTITUTO SUPERIOR DE EDUCAÇÃO UNIÃO DAS AMÉRICAS,UNIAMÉRICA,PR
INSTITUTO SUPERIOR DE EDUCAÇÃO VERDE NORTE,FAVENORTE,MG
INSTITUTO SUPERIOR DE ENSINO E PESQUISA DE ITUIUTABA,ISEPI,MG
INSTITUTO SUPERIOR DE FILOSOFIA BERTHIER,IFIBE,RS
INSTITUTO SUPERIOR DE TECNOLOGIA EM CIÊNCIAS DA COMPUTAÇÃO DE PARACAMBI,ISTParacambi,RJ
INSTITUTO SUPERIOR DE TECNOLOGIA EM CIÊNCIAS DA COMPUTAÇÃO DE PETRÓPOLIS,ISTCCP,RJ
INSTITUTO SUPERIOR DE TECNOLOGIA EM CIÊNCIAS DA COMPUTAÇÃO DO RIO DE JANEIRO,ISTRio,RJ
INSTITUTO SUPERIOR DE TEOLOGIA APLICADA,Ista,CE
INSTITUTO SUPERIOR DO LITORAL DO PARANÁ,ISULPAR,PR
INSTITUTO SUPERIOR E CENTRO EDUCACIONAL LUTERANO - BOM JESUS - IELUSC,BOM JESUS/IELUSC,SC
INSTITUTO SÃO PAULO DE FORMAÇÃO E ESPECIALIZAÇÃO PROFISSIONAL,UniSãopaulo,SP
INSTITUTO TAQUARITINGUENSE DE ENSINO SUPERIOR DR. ARISTIDES DE CARVALHO SCHLOBACH,ITES,SP
INSTITUTO TAUBATÉ DE ENSINO SUPERIOR,I.T.E.S.,SP
INSTITUTO TECNOLÓGICO DE AERONÁUTICA,ITA,SP
INSTITUTO TECNOLÓGICO DE CARATINGA,ITC,MG
INSTITUTO TECNOLÓGICO E DAS CIÊNCIAS SOCIAIS APLICADAS E DA SAÚDE DO CENTRO EDUC. N. SRª AUXILIADORA,ITCSAS/CENSA,RJ
INSTITUTO TOCANTINENSE PRESIDENTE ANTÔNIO CARLOS DE PORTO NACIONAL,ITPAC de Porto Nacional,TO
INSTITUTO TOCANTINENSE PRESIDENTE ANTÔNIO CARLOS,ITPAC,TO
INSTITUTO UNIFICADO DE ENSINO SUPERIOR OBJETIVO,IUESO,GO
MATER CHRISTI,Faculdade,RN
PONTIFÍCIA UNIVERSIDADE CATÓLICA DE CAMPINAS,PUCCampinas,SP
PONTIFÍCIA UNIVERSIDADE CATÓLICA DE GOIÁS,PUC,GO
PONTIFÍCIA UNIVERSIDADE CATÓLICA DE MINAS GERAIS,PUCMG,MG
PONTIFÍCIA UNIVERSIDADE CATÓLICA DE SÃO PAULO,PUCSP,SP
PONTIFÍCIA UNIVERSIDADE CATÓLICA DO PARANÁ,PUCPR,PR
PONTIFÍCIA UNIVERSIDADE CATÓLICA DO RIO DE JANEIRO,PUCRIO,RJ
PONTIFÍCIA UNIVERSIDADE CATÓLICA DO RIO DE JANEIRO,PUC-RIO,RJ
PONTIFÍCIA UNIVERSIDADE CATÓLICA DO RIO GRANDE DO SUL,PUCRS,RS
SERVIÇO NACIONAL DE APRENDIZAGEM INDUSTRIAL,SENAI/CIMATEC ,BA
SOCIEDADE EDUCACIONAL DE SANTA CATARINA,SOCIESC,SC
SOCIEDADE UNIVERSITÁRIA REDENTOR,REDENTOR,RJ
TREVISAN ESCOLA SUPERIOR DE NEGÓCIOS,TREVISAN,SP
UNIDADE DE ENSINO SUPERIOR DOM BOSCO,UNDB,MA
UNIDADE DE ENSINO SUPERIOR EXPOENTE,UNIEXP,PR
UNISA  FACULDADE DE FILOSOFIA CIÊNCIAS E LETRAS DO ALTO SÃO FRANCISCO,FASF,MG
UNIVERSIDADE ALTO VALE DO RIO DO PEIXE,UNIARP,SC
UNIVERSIDADE ANHANGUERA,Unianhanguera,GO
UNIVERSIDADE ANHEMBI MORUMBI,UAM,SP
UNIVERSIDADE BANDEIRANTE DE SÃO PAULO,UNIBAN,SP
UNIVERSIDADE BARRIGA VERDE,UNIBAVE,SC
UNIVERSIDADE BRAZ CUBAS,UBC,SP
UNIVERSIDADE CAMILO CASTELO BRANCO,UNICASTELO,SP
UNIVERSIDADE CASTELO BRANCO,UCB,RJ
UNIVERSIDADE CATÓLICA DE BRASÍLIA,UCB,DF
UNIVERSIDADE CATÓLICA DE PELOTAS,UCPEL,RS
UNIVERSIDADE CATÓLICA DE PERNAMBUCO,UNICAP,PE
UNIVERSIDADE CATÓLICA DE SALVADOR,UCSAL ,BA
UNIVERSIDADE CATÓLICA DE SANTOS,UNISANTOS,SP
UNIVERSIDADE CATÓLICA DOM BOSCO,UCDB,MS
UNIVERSIDADE COMUNITÁRIA REGIONAL DE CHAPECÓ,UNOCHAPECÓ,SC
UNIVERSIDADE CRUZEIRO DO SUL,UNICSUL,SP
UNIVERSIDADE CÂNDIDO MENDES,UCAM,RJ
UNIVERSIDADE DA AMAZÔNIA,UNAMA,PA
UNIVERSIDADE DA INTEGRAÇÃO INTERNACIONAL DA LUSOFONIA AFRO-BRASILEIRA,UNILAB,CE
UNIVERSIDADE DA REGIÃO DA CAMPANHA,URCAMP,RS
UNIVERSIDADE DA REGIÃO DE JOINVILLE,UNIVILLE,SC
UNIVERSIDADE DE ALFENAS JOSÉ DO ROSÁRIO VELLANO,UNIFENAS,MG
UNIVERSIDADE DE BRASÍLIA,UnB,DF
UNIVERSIDADE DE CAXIAS DO SUL,UCS,RS
UNIVERSIDADE DE CRUZ ALTA,UNICRUZ,RS
UNIVERSIDADE DE CUIABÁ,UNIC,MT
UNIVERSIDADE DE FORTALEZA,Unifor,CE
UNIVERSIDADE DE FRANCA,UNIFRAN,SP
UNIVERSIDADE DE GUARULHOS,UNG,SP
UNIVERSIDADE DE ITAÚNA,UIT,MG
UNIVERSIDADE DE MARÍLIA,UNIMAR,SP
UNIVERSIDADE DE MOGI DAS CRUZES,UMC,SP
UNIVERSIDADE DE PASSO FUNDO,UPF,RS
UNIVERSIDADE DE RIBEIRÃO PRETO,UNAERP,SP
UNIVERSIDADE DE RIO VERDE2,FESURV,GO
UNIVERSIDADE DE SANTA CRUZ DO SUL,UNISC,RS
UNIVERSIDADE DE SOROCABA,UNISO,SP
UNIVERSIDADE DE SÃO PAULO,USP,SP
UNIVERSIDADE DE SÃO PAULO,USP-SP,SP
UNIVERSIDADE DE SÃO PAULO,ICMC-USP,SP
UNIVERSIDADE DE SÃO PAULO (SAO CARLOS),USP-SC,SP
UNIVERSIDADE DE TAUBATÉ,UNITAU,SP
UNIVERSIDADE DE UBERABA,UNIUBE,MG
UNIVERSIDADE DO CEUMA - UNICEUMA,UNICEUMA,MA
UNIVERSIDADE DO CONTESTADO,UNC,SC
UNIVERSIDADE DO ESTADO DA BAHIA,UNEB,BA
UNIVERSIDADE DO ESTADO DE MATO GROSSO,UNEMAT,MT
UNIVERSIDADE DO ESTADO DE MINAS GERAIS,UEMG,MG
UNIVERSIDADE DO ESTADO DE SANTA CATARINA,UDESC,SC
UNIVERSIDADE DO ESTADO DO AMAZONAS,Uea,AM
UNIVERSIDADE DO ESTADO DO PARÁ,UEPA,PA
UNIVERSIDADE DO ESTADO DO RIO DE JANEIRO,UERJ,RJ
UNIVERSIDADE DO ESTADO DO RIO GRANDE DO NORTE,UERN,RN
UNIVERSIDADE DO EXTREMO SUL CATARINENSE,UNESC,SC
UNIVERSIDADE DO GRANDE ABC,UniABC,SP
UNIVERSIDADE DO GRANDE RIO PROFESSOR JOSÉ DE SOUZA HERDY,UNIGRANRIO,RJ
UNIVERSIDADE DO GRANDE RIO,UNIGRANRIO,RJ
UNIVERSIDADE DO NORTE DO PARANÁ,UNOPAR,PR
UNIVERSIDADE DO OESTE DE SANTA CATARINA,UNOESC,SC
UNIVERSIDADE DO OESTE PAULISTA,UNOESTE,SP
UNIVERSIDADE DO PLANALTO CATARINENSE,UNIPLAC,SC
UNIVERSIDADE DO SAGRADO CORAÇÃO,USC,SP
UNIVERSIDADE DO SUL DE SANTA CATARINA,UNISUL,SC
UNIVERSIDADE DO VALE DO ITAJAÍ,UNIVALI,SC
UNIVERSIDADE DO VALE DO PARAÍBA,UNIVAP,SP
UNIVERSIDADE DO VALE DO RIO DOS SINOS,UNISINOS,RS
UNIVERSIDADE DO VALE DO SAPUCAÍ,UNIVAS,MG
UNIVERSIDADE ELETRÔNICA DO BRASIL,UEB,PR
UNIVERSIDADE ESTADUAL DA PARAÍBA,UEPB,PB
UNIVERSIDADE ESTADUAL DA ZONA OESTE,UEZO,RJ
UNIVERSIDADE ESTADUAL DE ALAGOAS,Uneal,AL
UNIVERSIDADE ESTADUAL DE CAMPINAS,UNICAMP,SP
UNIVERSIDADE ESTADUAL DE CAMPINAS,IC-UNICAMP,SP
UNIVERSIDADE ESTADUAL DE CAMPINAS,UNICAMP-ALFA,SP
UNIVERSIDADE ESTADUAL DE CIÊNCIAS DA SAÚDE DE ALAGOAS,Uncisal,AL
UNIVERSIDADE ESTADUAL DE FEIRA DE SANTANA,UEFS,BA
UNIVERSIDADE ESTADUAL DE GOIÁS,UEG,GO
UNIVERSIDADE ESTADUAL DE LONDRINA,UEL,PR
UNIVERSIDADE ESTADUAL DE MARINGÁ,UEM,PR
UNIVERSIDADE ESTADUAL DE MONTES CLAROS,UNIMONTES,MG
UNIVERSIDADE ESTADUAL DE PONTA GROSSA,UEPG,PR
UNIVERSIDADE ESTADUAL DE RORAIMA,UERR,RR
UNIVERSIDADE ESTADUAL DE SANTA CRUZ,UESC,BA
UNIVERSIDADE ESTADUAL DO AMAPÁ,Ueap,AP
UNIVERSIDADE ESTADUAL DO CEARÁ,Uece,CE
UNIVERSIDADE ESTADUAL DO CENTROOESTE,UNICENTRO,PR
UNIVERSIDADE ESTADUAL DO MARANHÃO,UEMA,MA
UNIVERSIDADE ESTADUAL DO MATO GROSSO DO SUL,UEMS,MS
UNIVERSIDADE ESTADUAL DO NORTE DO PARANÁ,UENP,PR
UNIVERSIDADE ESTADUAL DO NORTE FLUMINENSE,UENF,RJ
UNIVERSIDADE ESTADUAL DO OESTE DO PARANÁ,UNIOESTE,PR
UNIVERSIDADE ESTADUAL DO PARANÁ,UNESPAR,PR
UNIVERSIDADE ESTADUAL DO PIAUÍ,UESPI,PI
UNIVERSIDADE ESTADUAL DO RIO GRANDE DO SUL,UERGS,RS
UNIVERSIDADE ESTADUAL DO SUDOESTE DA BAHIA,UESB,BA
UNIVERSIDADE ESTADUAL PAULISTA JÚLIO DE MESQUITA FILHO,UNESP,SP
UNIVERSIDADE ESTADUAL VALE DO ACARAÚ,Uva,CE
UNIVERSIDADE ESTÁCIO DE SÁ,UNESA,ES
UNIVERSIDADE ESTÁCIO DE SÁ,UNESA,GO
UNIVERSIDADE ESTÁCIO DE SÁ,UNESA,RJ
UNIVERSIDADE EVANGELICA,UniEvangelica,GO
UNIVERSIDADE FEDERAL DA BAHIA,UFBA,BA
UNIVERSIDADE FEDERAL DA FRONTEIRA DO SUL,UFFS,PR
UNIVERSIDADE FEDERAL DA FRONTEIRA DO SUL,UFFS,RS
UNIVERSIDADE FEDERAL DA FRONTEIRA SUL,UFFS,SC
UNIVERSIDADE FEDERAL DA GRANDE DOURADOS,UFGD,MS
UNIVERSIDADE FEDERAL DA INTEGRAÇÃO LATINOAMERICANA,UNILA,PR
UNIVERSIDADE FEDERAL DA PARAÍBA,UFPB,PB
UNIVERSIDADE FEDERAL DE ALAGOAS,Ufal,AL
UNIVERSIDADE FEDERAL DE ALFENAS,UNIFAL,MG
UNIVERSIDADE FEDERAL DE CAMPINA GRANDE,UFCG,PB
UNIVERSIDADE FEDERAL DE CIÊNCIAS DA SAÚDE DE PORTO ALEGRE,UFCSPA,RS
UNIVERSIDADE FEDERAL DE GOIÁS,UFG,GO
UNIVERSIDADE FEDERAL DE INTEGRAÇÃO LUSOAFRO,UNILAB,CE
UNIVERSIDADE FEDERAL DE ITAJUBÁ,UNIFEI,MG
UNIVERSIDADE FEDERAL DE JUIZ DE FORA,UFJF,MG
UNIVERSIDADE FEDERAL DE LAVRAS,UFLA,MG
UNIVERSIDADE FEDERAL DE MATO GROSSO,UFMT,MT
UNIVERSIDADE FEDERAL DE MINAS GERAIS,UFMG,MG
UNIVERSIDADE FEDERAL DE OURO PRETO,UFOP,MG
UNIVERSIDADE FEDERAL DE PELOTAS,UFPEL,RS
UNIVERSIDADE FEDERAL DE PERNAMBUCO,UFPE,PE
UNIVERSIDADE FEDERAL DE RONDÔNIA,UNIR,RO
UNIVERSIDADE FEDERAL DE RORAIMA,UFRR,RR
UNIVERSIDADE FEDERAL DE SANTA CATARINA,UFSC,SC
UNIVERSIDADE FEDERAL DE SANTA MARIA,UFSM,RS
UNIVERSIDADE FEDERAL DE SERGIPE,UFS,SE
UNIVERSIDADE FEDERAL DE SÃO CARLOS,UFSCAR,SP
UNIVERSIDADE FEDERAL DE SÃO JOÃO DELREI,UFSJ,MG
UNIVERSIDADE FEDERAL DE SÃO PAULO,UNIFESP,SP
UNIVERSIDADE FEDERAL DE UBERLÂNDIA,UFU,MG
UNIVERSIDADE FEDERAL DE VIÇOSA,UFV,MG
UNIVERSIDADE FEDERAL DO ABC,UFABC,SP
UNIVERSIDADE FEDERAL DO ACRE,UFAC,AC
UNIVERSIDADE FEDERAL DO AMAPÁ,Unifap,AP
UNIVERSIDADE FEDERAL DO AMAZONAS,Ufam,AM
UNIVERSIDADE FEDERAL DO CEARÁ,UFC,CE
UNIVERSIDADE FEDERAL DO ESPÍRITO SANTO,UFES,ES
UNIVERSIDADE FEDERAL DO ESTADO DO RIO DE JANEIRO,UNIRIO,RJ
UNIVERSIDADE FEDERAL DO MARANHÃO,UFMA,MA
UNIVERSIDADE FEDERAL DO MATO GROSSO DO SUL,UFMS,MS
UNIVERSIDADE FEDERAL DO OESTE DO PARÁ,UFOPA,PA
UNIVERSIDADE FEDERAL DO PAMPA,UNIPAMPA,RS
UNIVERSIDADE FEDERAL DO PANTANAL,UFPAN,MS
UNIVERSIDADE FEDERAL DO PARANÁ,UFPR,PR
UNIVERSIDADE FEDERAL DO PARÁ,UFPA,PA
UNIVERSIDADE FEDERAL DO PIAUÍ,UFPI,PI
UNIVERSIDADE FEDERAL DO RECÔNCAVO DA BAHIA,UFRB,BA
UNIVERSIDADE FEDERAL DO RIO DE JANEIRO,UFRJ,RJ
UNIVERSIDADE FEDERAL DO RIO GRANDE DO NORTE,UFRN,RN
UNIVERSIDADE FEDERAL DO RIO GRANDE DO SUL,UFRGS,RS
UNIVERSIDADE FEDERAL DO RIO GRANDE,FURG,RS
UNIVERSIDADE FEDERAL DO TOCANTINS,UFT,TO
UNIVERSIDADE FEDERAL DO TRIÂNGULO MINEIRO,UFTM,MG
UNIVERSIDADE FEDERAL DOS VALES DO JEQUITINHONHA E MUCURI,UFVJM,MG
UNIVERSIDADE FEDERAL FLUMINENSE,UFF,RJ
UNIVERSIDADE FEDERAL RURAL DA AMAZÔNIA,UFRA,PA
UNIVERSIDADE FEDERAL RURAL DE PERNAMBUCO,UFRPE,PE
UNIVERSIDADE FEDERAL RURAL DE PERNAMBUCO,UFRPE,PE
UNIVERSIDADE FEDERAL RURAL DE PERNAMBUCO,UFRPE,PE
UNIVERSIDADE FEDERAL RURAL DO RIO DE JANEIRO,UFRRJ,RJ
UNIVERSIDADE FEDERAL RURAL DO SEMIÁRIDO,UFERSA,RN
UNIVERSIDADE FEEVALE,FEEVALE,RS
UNIVERSIDADE FUMEC,FUMEC,MG
UNIVERSIDADE GAMA E SOUZA,UGS,RJ
UNIVERSIDADE GAMA FILHO,UGF,RJ
UNIVERSIDADE IBIRAPUERA,UNIB,SP
UNIVERSIDADE IGUAÇU,UNIG,RJ
UNIVERSIDADE LUTERANA DO BRASIL,ULBRA,AM
UNIVERSIDADE LUTERANA DO BRASIL,ULBRA,GO
UNIVERSIDADE LUTERANA DO BRASIL,ULBRA,RN
UNIVERSIDADE LUTERANA DO BRASIL,ULBRA,RS
UNIVERSIDADE LUTERANA DO BRASIL,ULBRA,TO
UNIVERSIDADE METODISTA DE PIRACICABA,UNIMEP,SP
UNIVERSIDADE METODISTA DE SÃO PAULO,UMESP,SP
UNIVERSIDADE METROPOLITANA DE SANTOS,UNIMES,SP
UNIVERSIDADE MUNICIPAL DE SÃO CAETANO DO SUL,USCS,SP
UNIVERSIDADE MUNICIPAL DE SÃO JOSÉ,USJ,SC
UNIVERSIDADE NILTON LINS,UNINILTONLINS,AM
UNIVERSIDADE NORTE DO PARANÁ,UNOPAR,DF
UNIVERSIDADE NORTE DO PARANÁ,UNOPAR,ES
UNIVERSIDADE NORTE DO PARANÁ,UNOPAR,RN
UNIVERSIDADE NORTE DO PARANÁ,UNOPAR,SE
UNIVERSIDADE NOVE DE JULHO,UNINOVE,SP
UNIVERSIDADE PARA O DESENVOLVIMENTO DO ESTADO E REGIÃO DO PANTANAL,UNIDERP,MS
UNIVERSIDADE PARANAENSE,UNIPAR,PR
UNIVERSIDADE PAULISTA,UNIP,DF
UNIVERSIDADE PAULISTA,UNIP,GO
UNIVERSIDADE PAULISTA,UNIP,PA
UNIVERSIDADE PAULISTA,UNIP,PE
UNIVERSIDADE PAULISTA,UNIP,SP
UNIVERSIDADE PAULISTA,Unip,AM
UNIVERSIDADE POSITIVO,UP,PR
UNIVERSIDADE POTIGUAR,UNP,RN
UNIVERSIDADE PRESBITERIANA MACKENZIE,MACK,SP
UNIVERSIDADE PRESIDENTE ANTÔNIO CARLOS,UNIPAC,MG
UNIVERSIDADE REGIONAL DO CARIRI,Urca,CE
UNIVERSIDADE REGIONAL DO NOROESTE DO ESTADO DO RIO GRANDE DO SUL,UNIJUÍ,RS
UNIVERSIDADE REGIONAL INTEGRADA DO ALTO URUGUAI E DAS MISSÕES,URI,RS
UNIVERSIDADE SALGADO DE OLIVEIRA,UNIVERSO,BA
UNIVERSIDADE SALGADO DE OLIVEIRA,UNIVERSO,GO
UNIVERSIDADE SALGADO DE OLIVEIRA,UNIVERSO,MG
UNIVERSIDADE SALGADO DE OLIVEIRA,UNIVERSO,PE
UNIVERSIDADE SALGADO DE OLIVEIRA,UNIVERSO,RJ
UNIVERSIDADE SALVADOR,UNIFACS,BA
UNIVERSIDADE SANTA CECÍLIA,UNISANTA,SP
UNIVERSIDADE SANTA ÚRSULA,USU,RJ
UNIVERSIDADE SANTO AMARO,UNISA,SP
UNIVERSIDADE SEVERINO SOMBRA,USS,RJ
UNIVERSIDADE SÃO FRANCISCO,USF,SP
UNIVERSIDADE SÃO JUDAS TADEU,USJT,SP
UNIVERSIDADE SÃO MARCOS,UNIMARCO,SP
UNIVERSIDADE TECNOLÓGICA FEDERAL DO PARANÁ,UTFPR,PR
UNIVERSIDADE TIRADENTES,Unit,SE
UNIVERSIDADE TIRADENTES,UnitEAD,SE
UNIVERSIDADE TUIUTI DO PARANÁ,UTP,PR
UNIVERSIDADE VALE DO RIO DOCE,UNIVALE,MG
UNIVERSIDADE VEIGA DE ALMEIDA,UVA,RJ
UNIVERSIDADE VILA VELHA,UVV,ES
UNIVERSIDADE VIRTUAL DO MARANHÃO,UNIVIMA,MA
UNIVERSIDADE Á DISTANCIA DO NORTE DO PARANÁ,UNOPAR,RO
UNIVERSIDADES UNIDAS DO VALE DO ARAGUAIABARRA DO GARÇAS,UNIVAR,MT
UNIÃO DAS ESCOLAS DO GRUPO FAIMI DE EDUCAÇÃO,FAIMI,SP
UNIÃO DAS FACULDADES DOS GRANDES LAGOS,UNILAGO,SP
UNIÃO DE ENSINO DO SUDOESTE DO PARANÁ,UNISEP,PR
UNIÃO DE ENSINO SUPERIOR DE NOVA MUTUM,UNINOVA,MT
UNIÃO DE ENSINO SUPERIOR DE VIÇOSA,UNIVIÇOSA,MG
UNIÃO DE ESCOLAS SUPERIORES DA FUNESO,UNESF,PE
UNIÃO DINÂMICA DE FACULDADES CATARATAS,UDC,PR
UNIÃO EDUCACIONAL DE ENSINO SUPERIOR DO MÉDIO TOCANTINS,UNEST,TO
UNIÃO EDUCACIONAL DO NORTE,Uninorte,AC
UNIÃO LATINO-AMERICADA DE TECNOLOGIA,ULT,PR
UNIÃO METROPOLITANA DE EDUCAÇÃO E CULTURA,UNIME ,BA
